image_id,x,y,w,h
dd328fe41dc94bdd87967d254e3ced51,719,350,828,505
34ce7989a4c440a882c40fa7891ce9d4,378,204,623,489
46c988eefbac489a80cbe8975086e6c3,142,441,629,403
05d9ddb9799143b49b6650a4a0b66cdb,748,334,449,470
03ae843cdda948f2bbb02f08fe1a1573,401,0,1141,931
4608901d230f48f9840541130e900431,1262,0,567,537
4614780623b14dc5ae947b2c225d8219,906,290,557,543
473a187ff44443f8a3492c3f36601959,235,230,793,514
cfcbf7df946d44069d1c1ef6ec4f0d6b,1386,365,533,461
66ad8a219bee4571a3568dba8ec91f93,1,541,660,384
73c6608e69084b629f6284cfeedc1683,0,592,594,379
b3cff8e5ba8043d48153c3d3aaa1e5d9,612,411,812,445
2909e3e5153647619aa6ff34fc00ce6d,556,175,778,687
a577c9f45f6e4a9d96a96952c8435c86,517,454,424,496
b7bc9810bbc749e09dc8b415808c4faa,174,171,497,359
7c78587b621245138965fd2978f466c8,537,403,692,495
1d83e65f848149ffbf2596536bd041dd,778,379,456,419
525f99f36a414fd1af5c3209577c8aea,341,396,827,566
697d7f3c8f0f4677929e67f0a807a61c,63,373,886,526
feb1a25607784aa582f65f04cb2710ea,1,373,702,415
297937288c4a49c8a80380a1cb412282,1142,344,643,668
d8e33c27fabb430f8f5bb6956f446c61,224,239,411,389
716bd30313f344f49485e0492388d5b6,630,0,598,461
490d899969a542f993ea13c798fb7bdd,137,55,816,758
f90ee93ffba049a0836de3301847c805,764,375,556,548
54702fd58ed144798c7ca998d2671f5a,1053,127,517,416
48c9c0cd16804450b91ee1a6a1c7fa73,973,650,945,430
bba15a433cac4234ab8c83eb0837d9cd,388,270,950,583
79fa9ff914364f36ab8516281cbc7f27,561,461,747,429
c0ba27df801c49edaca462a5795db241,772,481,643,441
8851b34dfbb246a4ac53be222b2e957e,846,349,646,437
02c99764d80e456790def309d0f4d8c0,522,451,594,449
2859815cb9dc4ef5a2a2554f9b223c27,682,257,464,420
4f062b84f90444238b1ccdbc8abd8aa2,1012,545,830,484
35d06b4dbebb4bdf8d212d1c16182da7,737,321,481,557
5ae43dc1c7094d9e97b1a55fd7ac53ba,931,141,538,439
93eeced44f164505b95d541a0e97d7ae,530,509,732,568
0f99d721a2ed4c4581d40d5d295b347b,1204,361,591,485
9b51879f67304ad180f0ce385fa8cbcf,189,567,799,513
c6351eb537fd4ac7b29125c0de308c26,544,481,562,477
ecb4d58dffb7482fb3cb1be3eef9f85b,687,396,631,683
6278a2eb71e14643a0c9a6feab15ac17,889,334,674,393
c2b2a19ef2984e998da48c21889ca2df,675,0,468,398
5c0f4cb484434d23bed68cd08f97d8be,158,388,752,549
22d2aaaf38444817a5a04fbb497d0c66,619,283,478,498
aa8e141b394e480986b8ca9421dc43f3,773,245,569,559
731e95530d334d8ba6fc16ba579d9379,621,508,659,497
09e6f63b419441f7a2e1402728ba139a,1252,146,653,603
7233ca0e42c34e6880c4ca5f992795fa,646,416,665,435
9cc64db8be594052b3c8ab25f58be672,627,416,597,485
2ee02a0e4b2d49f79b420b463818ddc7,604,427,441,582
bd958f85eb904d069c9614acb4d91c3f,670,346,861,453
e76cbcbfcda540f8ad55d88b151d3538,90,186,702,517
963d4e5cdb0b4fc2b05aeb66e1a90ef0,1004,397,634,380
6d36f30a66704ffe9c9651d39bfcfa1a,492,353,731,727
c9d1282b44644100861d6200a9ad4587,577,78,820,764
6aa766d423e24c0a98c7c72a67ed7d70,642,324,555,579
b7ce184c98cd46bbb6073bca639cbce9,671,353,673,591
b85f31150f9d4d2ababe87e8f1693c2e,811,34,562,441
48cc70f3789c4a67bdfe90c7ee176646,645,280,962,561
bcfe39b682834182a80f4cd65340d046,408,248,1125,626
c22633e21462457894df7073a3224707,430,3,695,631
b7100c6715d44f819475fd81a9b297e2,1007,151,554,594
9c5b58430ded407fb8244616e897602d,328,436,1339,554
079c2f71f5394f219670d673bea8399d,818,122,280,291
a0b7c0798e5c423ba2c90d1e54f5a598,696,411,534,519
26a6adfda6a04a879fc62daba418d2f1,391,176,569,415
39b372fd9a60400db2db3eeaf7bf0d8b,562,370,790,491
1136530a75824a53b5c7e38651090589,542,278,799,480
ea4e3ac3f1f84cbeae24b01a95180970,305,375,564,365
af298f22c59a4572af115023ea64d2a3,485,360,761,667
519a8b6ee8aa4ef2b70a190e516258b6,498,225,808,655
b943b878641644ffaeb49eca4203786f,1255,410,652,500
018e773167e84cb486519d5ce4ad9a56,524,388,926,510
6a35037133914287968b107fca93a80b,801,257,556,609
978a94e0e210473184bfeeedb8cd5ceb,614,375,672,448
3034108b54134bf594c4207a9554201c,672,218,868,608
35ea5858e88044ef974eb3fe576d3af2,731,79,418,352
dcc29f047aac449f85cbf8dff7111c08,194,189,755,603
1d4864c2f39b45dd947d050b33e976b2,949,252,693,633
410056de626e42b884a63b3779cc8b32,514,250,709,605
50679a7276be4ec8b8b94050684ec7b7,2,317,568,523
8a5366fada61487ca3e6705ff6d579f3,395,315,662,410
56960470cd2d4182a64c10765bb67860,1039,303,540,425
a1bd35391fae4bb5adc935f0b18349f9,737,481,577,473
e29b88f39fac4ebf9ff6f36ecf793a10,797,360,679,463
f4f361e7f9614057ac04a37c52ae0c64,721,447,846,463
dba8a86890be4938a9b637b656f8314d,785,426,966,628
65e416487c9d4c00b0942793aed72fd9,363,305,858,632
d70637984fe548b880efb3a808078414,398,46,826,741
ddb07be9f49c4535abc6a631d8c1e592,286,514,948,565
13341f03627a44eda8e36eab97d7ac14,1230,172,560,447
20b607a0b859498aa07a1dbf1682ac46,14,211,1205,503
552367f585154bb48b5832ba893c1b1a,452,454,617,441
bdee1df11fd94d33af98dcad16884410,392,221,464,380
0d31b2a497314d4087406f03f49e36c2,442,210,1152,694
48e47eba3cc5457393ab3bc3ee618f56,1263,241,508,530
f4cb610bd9b14e379baf535324917b61,127,146,649,481
c36b27be24774d46b2b5e9fd39ed19f2,670,99,516,456
9a86c46fbd5844e7bfba604ddde74669,698,318,741,593
e4a634e82f244f56bf097cba57e58fd3,1177,384,502,327
160b7643c49b40d78fd3ee5ae8cc3acc,396,285,935,612
ab0c8da3b9e74bd29db82eb8d9c34913,864,345,741,610
5ef89ed51d604b18820563d7386df252,234,281,947,799
ef856b5706b54af6b38faaea03546f60,780,136,424,373
1e2a164e05c64dbb842e1e4b13bd5138,765,339,567,528
1310d9c1caa7436aa73cc0a965ab4bf3,707,175,729,503
c7ad240bf20342a5bfd49b67e3ca40ff,910,141,855,604
e71e82691ba149f6859cdb91888af14a,1067,0,812,685
e20e7942416747fe9e8505940029b158,517,444,815,510
1284d8c4d64d4cf6b792b562c6ecaef4,539,481,963,497
3ed52f12f44a43bba8f61bf750b213c4,921,466,998,446
f723e54f287342dab489694817f30900,792,167,840,531
0589694d952841a59b606d4df29540cc,455,11,925,566
7a35af8bb3f5470a9f2608f0d09aa576,588,137,917,681
07dad1172d7943cb93d0fb9d90264aeb,486,479,636,601
44764ab4c1e4452192bb40e3308f9d0a,549,300,785,601
ac4cb66e59a547859517319a83efd4af,200,389,584,432
35708d60c5fb42b1b0bd33a306180dc5,381,241,707,552
0b26ba16d18243528ec417257ad74b11,482,405,827,675
0d267b6d382f439caae427a12069abea,523,410,732,478
dfe04f1d74c6491b8b055a0fe24d7134,749,428,363,331
b0d2b1d7c6df47adb7a3fa9c6655fb3f,71,496,690,512
2977c87360b24866b60d4ea57cec7fc6,1099,323,820,486
d1c46b0b7797491ab9f9888768697a36,78,281,763,394
ca99989573e3494d91d6f1d0dd8b923a,964,207,699,436
cad76c30ad0c47e0afbfeb30575817bb,608,290,754,548
8a68e005fd80480985c858b28ab2eeee,582,355,905,434
84b01afbb7a843afad58cb37eeaff11e,199,327,773,529
d678718b8f38459bbdcbd7b720db39d4,267,272,1027,682
2ee670b2b86d41e49e6236b26f1caa7e,644,421,671,433
b4ca4b57bc6a4e68ae105d472b1b8589,1363,148,513,353
ce53ff7242d5461398d402c50cedae48,1134,379,674,380
cb659b378e8d42d6b6287a7264298db3,752,367,344,330
aa950076d038499596cb73add452d8f6,282,371,588,377
8f5f7f037b824441b1b29e7906ef2e12,539,318,882,467
25005933b3ce43c6b642ca04cd108f8c,24,0,1255,859
85f1ceeffa2749f0b43286820b0c0fa2,589,1,937,835
c58ef0f6af214994bae23e489b88b224,845,137,934,649
6cf37bb46ba94cbaa9494bf50b6004b0,523,274,752,618
7694ff82ddd64a3aa502a1c5b007b91f,1222,0,697,508
f7e97daec10d422d9ce1e46e17efe83a,661,453,977,627
f2dd71b9127042b3933de0cb52d78333,772,212,569,509
b3c289f7c73f4f39839a23ec6602012f,733,4,531,524
7e339f6a381944388593b48f0d825862,306,361,621,360
1c0d8ac1cee94629b1abb8e2e2a026f5,0,283,779,435
7b8759a33ac145188a4cf96b9c5e0d4b,61,459,593,420
4b90daade9334addb76bf838887e1430,1169,628,587,414
e1b8ca53e5504d7495c3e259423663db,591,302,689,541
779d51c44a38485c925d6cec276674d0,483,200,772,620
ba051ce242c84e5eb9e2e5031d514e2e,695,492,1223,587
8f7105dd86034d228273da029ea13e49,624,447,884,519
4cd17c87e0024aa680b0be35e8bbe8c3,546,2,814,806
c66ecf23e726427985f02e75435553d3,448,241,905,754
e8ebcef8c96441cb806edf714f270219,513,76,791,705
617b66c3624e49f58fe07187d4cfe601,729,217,557,497
9ec994928ff64fe987275615f565944f,768,258,769,599
77b67d35c45244bbb74e4c40f6f9eb93,421,229,494,337
19860539cc8f4428b0398a4e165a92ed,165,544,920,515
0c85b5e5712442b6b3f2b929bc13525b,688,476,606,439
6117b0ff90cc41e2adfc6a080b76ce1f,803,446,590,420
8d38f3336dfd4503bf169d9949f5ae5e,702,35,603,583
88825d66a4604b668da1122c7afa7297,522,325,568,625
473f893934e5432c8b0f0f51631243f1,479,182,578,756
acbb2297ae6d47db8944d63a69629a33,275,548,733,532
09be090b970d4bbab186b676eece1fd9,238,167,797,548
73c875f66293472d9bd356951145388a,206,443,466,408
06759e9de0944103897bf5d38a436200,1191,367,559,432
d3b2d79d8cda47f29fb09671c4a8828b,1153,420,756,308
ae60b6e268704cc5aa838e49c625121a,412,465,525,406
2e9bdf26e62e4c6cabf6823bab9062e9,951,468,837,445
d953e66fae8f453e87479032249147bc,977,397,942,484
764651236dd845e88c17acb3b756462e,451,437,632,564
23693d996e3b484c9a1971dbc8de0e4f,885,59,350,330
f1bce1090d1a4fdab554e816e257a876,948,390,484,331
b735ba11e377495b84382dd77fe9dcc7,13,339,768,498
ed24b46751c944658c327a44c1e0c340,981,313,453,328
0b2afcfa71364de899e774acbec5a379,362,350,876,622
37bb96b8584e442b98003fc25c0d7057,642,480,634,364
64585b1246ad411b994bb8d8f2deeadc,756,467,419,353
6b4a63b45b1e4f4eae31dda8a33c238a,292,369,591,373
7507f41e971b45c481bce424ab7d4994,550,266,827,521
e08bb23c038444cea351a8727c916bb9,770,191,631,508
6f316015c138472f859be00883175223,975,200,727,500
0940f832861747bb8ae7292a5b82023b,679,497,378,346
ee7ce0bd55de43f38323aff0ca4df0e5,526,334,712,560
1c63264de1954fd1a1f03ef20fe92e5e,247,400,810,491
b3e59e519de24e47be890e779618c256,749,141,407,428
25bbe5742321407aac247eb60317c0dd,23,299,512,399
a1a5365c33b04b45aaf53d8de2998018,1250,290,518,625
96193706d2674e38a500fcac5a328fef,0,311,364,415
35db65d4644844349de09dede9cc1dfa,1136,340,365,347
676f7365eac64582b6c8a3d94c68c9dd,196,555,636,323
e52eca4132fe40c49fe5371fd9afbc0c,110,130,871,700
9da2f5b366464afe9098ee14cb54e484,643,470,603,502
acd7921af41340a3affdbbf622ddeba0,631,298,540,462
148b14312dca4e979eae3932bbcb1b56,484,421,880,453
f15840fa02444165855a2276cab9e5c4,465,361,449,361
9dd1da15834e4d9ba7d0b0e2c19fb570,338,0,1090,835
c660fd4dea8442cca5d3dfe03db0888e,993,0,693,637
12deb593f2804fe6bd1ce3aea7a1d5f7,398,479,638,432
fdc1bdd4bba7449db6942824a929f8cf,499,420,650,454
7220a5c8821a44b0874284e6c64f7c89,572,287,677,423
2351a756701b4e38aa65ec6e8334552c,307,400,568,333
04f7688149c6419a899abf79928625de,377,240,933,601
e45f8aba73e544c39e9fd4a0af26ecce,136,203,789,474
f241413df3704619b73d41b93bff90b2,680,139,470,469
50a9e3ea1cdf440297563ae695074b89,534,346,891,573
33b9fc5955cd4e02aa806209a4946b67,621,421,802,601
4b8d58f2fb5e4d6f9c15ff4004418672,1222,256,505,337
68df0cdb42c44386927d1ab20f02d81b,12,525,837,419
db2940d153664264b342b6427b8a80fd,1,410,534,343
10c4bd65bef04ec3af56dd540e55f0ad,0,335,432,417
1c19439bfc5d408bb47abb32d2234ce6,859,407,971,539
8612d46bff3c47648c1d01c114d6c301,647,222,558,648
989ae322b22f4c7785b08bd6ae1464ff,206,218,630,456
6c2ed7c4919f45e39e7d6c32c1a1b860,8,282,638,406
db4a53e44a4b4f03af9ec0b1ecbf4c84,879,339,655,441
b3b7bfdb4aef48f08ed1f20b9daf2de3,152,481,510,462
db81e328539a49dca38b92181fb19a29,987,345,527,350
213a40ece16e4773b0b82772a0b54ab1,57,164,614,453
d21827bf180d466284a287110892e33e,541,363,721,567
5f3b6f9b28e64a119ae53a6e274c20aa,153,46,691,521
602585d1554f471fba51aa61e84c70ed,446,302,513,528
5e9350511d654872ba6bcc6aec03a65f,541,461,764,356
234fee087c0b4c6f9720f154ee2c0017,586,337,725,442
9cf98313c32b4de68bc88e1729048871,922,0,233,175
8fbd1b4b59974282a85fd18aeab314da,677,35,740,639
43d28ee7f48d4b6fbcaed814bd5b1a61,235,271,612,437
ec79aef0ec4a4e579418be0955a344d2,383,471,943,527
4945cce2f7c64d818dc68ea7b0aba363,641,431,586,415
80ff4518fb5e4394a3388ccd73f55bc1,668,474,685,381
59a79b93790f4955b5c6e15100462034,613,329,569,519
a4feca4741eb4d6ab90b781ddf51e631,1252,242,514,355
0414b7aa50eb4506adf77beb7cbacb30,789,432,630,515
59752ec6bd22404db3a8f73ad07f4141,726,105,438,423
8bf4e7adfc4c45d4b504c29ea6d7d707,1073,389,846,525
1507f63981a64932aba0a7076e4ec257,0,392,649,434
6d0f77f68db045d5a5d53b628e2d61ff,557,244,734,654
62dc103f76d74e53ae3bd0732009887e,775,0,596,474
354c9cecc09d4dc4a6276fe226377d3d,339,231,974,468
c4571ddea7114621b58789fd2320b00c,1195,191,605,378
ee5157bc470a4758a35e7e94ae2baedb,1432,102,487,361
c74ca58c03d0439992ab518cb31951f8,737,382,575,382
5cabf3e68268472ca4a915a378c67e65,631,300,716,537
d3876a0dc7e34c45ad403ea0e54732e2,612,447,795,629
da5c159d5a7f433d818ffde02b8e8882,938,249,518,409
a5ef631f7e7d464ca452648de41ed100,648,496,797,582
d00f79d9e7d94a63a19ec351b8ff9330,355,375,644,451
d4c940b8d99c4f5b9448a8fcea8b15e1,608,412,819,470
b6a149611a4f4687afcf1e88532a7b48,536,221,643,538
849339c91bec4b5f923fbf866b5e4bf5,929,273,515,376
adf3b90d6538408d93d532f00c7f24dd,337,76,761,590
d3187948b34845058c7536b088d5f8a4,413,227,540,410
f2b5a50ffc4d458ba6e51f55d8cd6005,725,441,480,459
7824863761a0474b92b715bc74b016e8,520,362,460,345
64bff71766694127b00f7e98a0e4d7c5,566,478,661,490
324cf38cd877481697a88337f923d1eb,0,141,1057,669
f288915ac1464b388c8ea906b30a5575,354,257,989,552
d56d8bb9c98d4edc90d57307e6b7ff81,494,406,444,326
5ad7fc4894d14386942b4b0fddb727fd,978,368,510,413
7de251c59f2d443da849d1f01f488a46,703,219,987,590
951b8cf0c107451baeb8ae86a2d91875,1234,301,627,336
78023562a5b548fdb31eadb44be7eff3,85,0,552,338
79696937fbd34b2dbde30f41af8496ef,38,245,790,466
38f3746460d543e8a9d7ce0f546e7899,644,211,605,585
f9fa40a2bd7d4ade92052c388e7a7963,673,577,380,321
27c7ee14824e45d68fdb56563e116333,356,615,528,381
2af1f537ba904a66ad456517ec3cc192,410,602,770,478
38b485f9529e42acb5e6e5f8dd5e86a3,1619,111,300,370
e136cc43e7294366a1abec096a6db771,145,400,727,335
643ec4ee9e8b498f92e8d19acdd7703c,716,307,530,413
ed46b5ba41aa4f4bb039a585cf0d4039,1038,273,630,436
04973b4a123344b2a21769418c0da4a0,687,448,621,420
918e6456406a4bb487d4331613d349cf,360,401,654,413
576633332e48499a8c7199c2b6ebff41,1034,79,575,484
46ad28e3b7574827aefa43be058ba43f,870,47,366,373
48e292baa3a6404b809f8f948f1ae239,356,386,838,559
9bed6ea3b45a4dec96238ab04b073888,242,346,542,501
5db50abe6e0d4b439d74312bc3a379a0,825,272,744,502
912b5fd7ca64429e8cdc866d3f3aaaec,1239,151,680,428
0600c5d6a885411e94b36c4c3377d656,716,211,561,537
1a1602caa4414156a1d0a41c3b4e4c3a,660,1,757,690
c162861bee6646e9aa94d5ae501c549f,451,518,634,562
2904dfe5b39e44be87035ed023babc68,657,505,952,575
d06767cd19094d51a365353bc2fe8c83,1195,11,724,512
08ef8746bf524ed491d594afa289b841,1134,63,688,470
50cb7df44f7b4e1f9d41ce597230c965,639,531,788,549
6084ed10996848f8b0b8551fb17459ab,739,35,998,696
a3b025be60cc45cc95b3560e3606b221,100,207,669,699
81a331d08d4e4347b105896360d89bcc,492,539,640,541
b5c178dbcbad462aa489896807df80c5,0,373,502,379
23d67547febb4ddb97ecbf587acf44ee,979,481,607,355
7d4d01b1c9134ea1b19c8f1a52805be9,927,376,684,440
8778aea814b14051b1536984c11375d4,627,284,697,733
d02ac16e1f0643868bc4f789d15366ee,357,87,495,503
8f76ce7b604a46d3b520cc09545b075f,451,444,729,447
cfbaaab5684149c79ea0981c8e6b20b9,652,249,667,597
458395a10248497c8cb37414b38291cd,685,237,362,324
3839ddb06ccc42e59394e7110b44dd17,135,168,805,477
177cc4ab8c37454f94298bcc7f1e05ea,93,50,667,478
353cdc2b04d44236a959b08789e1bbf4,601,247,590,765
7f652bf7924c4d268c01a90369a3f491,318,245,1062,592
b27e410ae9c947eaa14996d74edc84ac,523,133,1119,673
6e442a26be194681af1b7417020f1d76,667,250,395,346
2c92044c672c41faa63ee56b073e72e1,740,440,395,379
63925af34b1a459da6c88f91a81db0c7,608,352,828,659
c2f953f708d04749989c220855f56195,403,200,503,393
36da6fe6033248c09474d9ca9dd2936b,1207,412,653,457
6ab2a5e6467c47a3b224530e21a5e17d,1189,249,547,498
05809398918346eb894af9947442bc96,727,216,927,557
d55d3dcd951c440d8395fac18663056b,430,406,528,444
4ffc13e61a2f423985e0cff42f92f105,1164,357,737,499
f890635d8d7c4f37b723c13a3db62ef6,336,387,555,355
e40a24da40c944138b95193a43d2ef0e,706,294,844,503
0b1792be263947dfb5126e48c9273249,786,326,1133,651
c979bb0d68bd445da1068a92cdfde266,224,342,580,491
167057c8a07e4d7eadcfd45387e05905,875,341,719,494
e13b8f6833b64a2396a6cb157be038be,1,313,624,311
1bc02e16fc654fea92c766b17b0ed7ab,985,481,808,304
46583a7035e249cc9838abc3a6d5bfe8,276,457,730,375
48d92e6c2ce947feb97575a01e167ae5,904,206,817,608
cef7f2f2f2514f49a962321b45ac3c33,786,469,908,468
f586fd29e9ea44d3be32cb3db5438931,231,296,643,409
82baecc3bee74283a7806634ef220b1a,201,257,725,452
d143d644c57142aab4ed862669fe7f8a,471,397,944,506
8bb507c20bcb46649a996b3361f86b2c,783,66,889,726
ce45be5c39f04d168f11a08662c53717,150,111,600,501
3b8fc5864110444f82e94f624b583ad2,414,437,494,413
e506614ea9704cf3a61f52af164a6ca6,1145,117,703,482
6e87bc4933454bd6bb3355cce71e8122,48,385,1148,569
496a7fa5601f4d2f82ea2704e7c1c96d,752,619,959,461
f96e053c19c14af48c946c3ef3555c47,206,350,921,502
c2cc54732d5545b98125f7f77467bc9e,769,387,992,526
a343356b445746d297c21b78b269a155,1304,78,421,305
0ca4dadde2d747f0bd14a87280f23a36,1290,401,472,404
9406af2f1a364f6ba8474effb45ad35f,174,424,701,413
282748f13fff45db9055463e6464232b,1103,352,814,562
e06d57f9753e4342b304e4594bff3845,813,227,567,442
9a1e0afd4b314f339210629babd2ef3a,180,369,1073,435
3d1546a5ecd143ca9b30fc01ee040f92,1121,32,797,588
83a5a04a56ed45ce8fb56cb6a4fca237,471,346,688,527
6e2583ee4580488393b43e6901d91514,123,310,745,373
3a62f10411aa4a68b1be3e3355407735,580,95,487,446
f541a3ae15624e3fbd5540a782b7aeea,664,484,672,358
2cb694547fb14dd39e3b0f8067390b1d,20,480,624,388
a308eec6a7234e77b7661126696342ce,727,379,903,674
0d295e4357674c03850fe8c03fbef2e8,516,442,1055,542
105cfd87f57d4995bb0fcb48d872c732,513,423,752,447
984fb9577ae24e3faef299e22e6d72b5,13,441,802,401
f93abddf315a415084df34f6f1baa782,149,548,763,460
0f5305fab94b40a696c0a23f341cfafb,197,85,608,496
a764040c54b74140bea40324c6af698c,451,609,762,471
6e936b41389147c88f484bc58a982b8a,487,240,674,453
511e920655ef4d6783bd86ecd053cb91,998,167,722,450
f4638c8e71d142b89dc534b3fbd9e8f0,492,203,1054,658
b8012abf309c4a459721bd4204be320b,662,208,533,582
dffaedb7e53242009a34e575734ac84f,524,212,711,652
7c2644dfdee840dbb128f09083133afc,761,464,1076,533
8cff10547bcd4b6f98f5aeda2816481c,709,255,340,405
6d4062510aee442c92889038f66bb47b,766,82,412,353
9d21f31104c84504a2507fa364d24ab0,890,471,934,453
6fa230afd3544c2da2dd33799489cc48,1106,263,795,674
dc6aab418dea4fe7860e0a802aa8a65e,1044,363,518,469
646d6fa87b7b4069b4407fbbd322301e,485,311,687,472
124938b60cdf4f61aca1e369d1ff0737,772,351,328,308
c77d866c9c3a4cb89218690c3d400473,967,248,948,608
63b0dcfa5c0c4e3681c4ee2966645107,192,31,784,738
194d8b3981b140f581a9470ddaab3fc9,1013,208,642,582
667d2ed2c26c47efab4a627de90969d5,701,246,699,556
48ee0f4e4aa04ee8b1d3b9b9ce1bb1a1,1132,227,559,490
01aac40dd4914c33acb394f05a45e6df,547,324,478,395
71c85649fcab47c1a1951391474368fd,801,479,477,432
10af960714cf40a08bd1727807d15ffe,809,404,1013,647
a2e79eb08fcf4ca4bbd812a48d0159a8,723,219,620,519
7dacb56cfc034d72a4c06de4c1a3cf4e,799,319,1106,760
e2682b559f86414dbd43a6f1cf0f5711,527,351,1046,661
663f1a16c90448e38c4db40ff1e319a5,154,301,982,653
69e9a17b494b48aa85ed4b9aac347e7c,1176,86,694,531
2082ba5cfcee4b5293d53d11dd940219,1520,0,398,385
3472c9ae1f9d46dcbc237911ff0a1da6,654,401,796,614
6a6b0f2e43814e918a0dc95d8a68fda4,1167,230,530,367
41ab5382376d401a9edbd0c462c48a3f,776,151,761,593
0bdf5e7bdd624ca3bf47fbb8b7a699cb,698,406,544,576
2703a690588b43b694857a01f3700eb5,223,382,639,421
9ec379b4c5b54f059fd125b7aaa0e4c9,67,394,602,518
37d7d45c87a8445f99f9f0fb810fdd0b,999,93,737,524
89bb9cf747ac4283a9535ca29db0e5bb,371,3,1403,839
1e05f86f44a94b229df9fd216029f76f,5,572,621,348
023599520d7b4d02a2b11ad3cbc135de,1038,404,816,407
26ab9040966048eb8cd968683c2bd5e9,820,101,670,647
38a281c135bc4c649cd79a49a946aff8,898,533,660,547
381e5df5f54a4489a6eb01d248d70c99,636,97,639,675
dd1ff52076ea47b2b0e4f3a4f322cf6e,456,333,767,558
11a92f9665f24ccb9a0fdfd0aec48b0d,331,280,1042,594
ac5d886ea5ba452fb44691ecf313ff17,442,395,446,341
d971ef122f52452c888e3c667e5a3884,187,371,794,490
1d1861ab480e43f089affae88ae8ab1e,1039,154,545,414
066fc1c5da514c17adac24271c09c82d,533,289,934,638
768c5b309016456888dbc27041bdea12,314,158,856,662
dbdce53e3585409bbb0115362d235add,685,374,313,316
1c1d2c8402344119bd4e8ecff1cafdc1,611,424,1032,606
2e372f399c824622b20528b660f6ca9f,1313,384,553,299
746d00eb787c4bee91edd0e4c6fd7ab7,805,0,382,289
18ef9a6f48d44828ad82b181fce8b20a,36,210,779,480
06c0f6c29afa4131a344a79623a2ffba,1131,492,788,397
14d5a9fc8cce46b19957eeada24065ee,146,257,668,429
44c452a6382a4423a9182b908e6e7df7,635,80,597,525
ce40489285bb4fbd98368d0e1e61d3a6,260,682,535,334
2ec564ecfe634712b6a78ac43d452c4d,323,133,408,337
9cab3907fa114467a7ab0dae706af5b9,921,689,854,390
891e9a8c0af34556ad6ea51a2bcce106,829,429,663,516
342488bec88b4580b75adc67df2e5800,712,281,711,606
7b853d25fa28459081ba6cd4dd78d746,717,92,444,435
6fa744b320e446198720082b21bd6449,75,349,647,490
c15c2669a3914c378d728952376c1f97,1558,294,361,337
a61a1fcccd3746ae94892e1fa5e78bcf,907,374,765,453
b0841ef77fe146198a4f9aa6cb160e24,740,23,478,416
3f6c6d6bb17b4d5e96947eb61c9f76a0,0,420,388,333
0fc6fd6d6e434764970e8c2544c50319,951,407,920,509
a1da098c7024457eaf4ef7d690346fd0,1,108,677,469
9dbbb8c8cc6742d9ad17a7edb766af15,576,296,680,587
b63baf2985784fcba80eeec10e955719,608,447,688,445
b9bcfa0ac3cc4f15a2b1fe3e0842fb8a,396,371,506,374
7c5250ba520945a2ae4c97550418aa6d,625,145,317,254
37e0dd0487c540579edaea12e5e565e7,923,537,800,495
be639f64ae5140abbb2eff44be6b6651,726,156,364,408
84337568eb5c48d5af05b653959dd02c,1120,99,754,475
7c0137938d5a4d51b35713fd16c5cf18,422,462,775,538
a0c5985c23e544ddb4c97414342f5703,849,458,353,269
05c628b564d54a5d817f8560a48e478d,731,276,446,401
85d64ab01c4247f896f010949d96dcc8,110,271,1168,737
e0cb3184b91845e7b64d275b03590b7e,705,70,729,624
903fcf7ef760419a87688bc525f5b171,956,157,503,461
e21699b700a441899c4ed7c87018b28e,685,349,860,550
0a0a09e4e65647eb9f1849aad83436c1,800,452,727,416
1a730c6747054be2a8dcbfa49dc58422,36,155,529,360
7cab0ca30ba7404091cd97424839b05b,0,323,1159,757
79c71846fb8844fab5f57678a7aa31d7,969,0,575,581
d3e68ae3b62a4a3ebc641c782ad03795,151,127,409,439
45b83e7ee23645f589a9736fcadb5761,1263,527,500,394
24cb4c2da31a4a668ec21b9e9f709bed,1279,410,509,428
96d32ba664404d50b54f9c9d63ed6f88,429,391,527,468
9e31366b53d341369511fb080c060880,670,374,549,514
0774e2fb0edd4efebc4bf8d90cf897c2,68,361,513,475
8ffb951a9ee043e5bee857fb91738688,259,585,646,282
0d5a528189664d8ea55e0cda5b54b70b,1244,465,352,376
6c68761d291d47edb10595723cc1e8bc,390,120,887,758
c1e3ca8f9b2c4ec59e4efbe87037879e,114,354,662,446
4d5de53a079045a08f29b6392041bf63,932,318,511,381
da7552bcc2c24a73bcf7c0af907cc8c9,490,307,605,508
44dbb346887a4b28bc50c147aae5d781,1310,263,476,325
d035873a088343498ead056f0448c481,682,278,789,535
9d8bf02fe40a45ff8e3fba1a05207808,737,362,476,487
8f2be95bc8cc4c6d905762d48080d5d3,209,107,1085,670
cf73b9acc8024f948cd205d60a8789b7,407,224,906,663
c38c59c0aabb4738abd6c13c5641a9db,77,312,715,303
1d75695d71c849559ea1e7c4c880b382,120,261,1130,559
aa5fc1a62c30420bb7d829437fdd13b7,765,366,950,460
774e795be6fb472684b6407da1e2191c,785,442,1099,519
e2e37fe3b48d4ad398912c5679f75e45,480,451,759,440
082c884ac15d4e53aaf330666b5f2de9,1345,404,574,479
7a921a8246bc4913ae08a9b13914048a,575,333,702,553
13ddd994d0ee43c3ae26e9418f3ec5c7,444,333,517,369
acbc18f331bf40649d34d9cd28b098c1,1210,355,645,423
475da5fddf774e69883e872eaf674f32,539,355,786,382
947c387d3475482b862646fc8ced7c04,245,292,969,591
25fe4ed7ba5b433b9ae84795ea909729,373,524,616,555
badab624a2d146a992e90f5e1f2756a6,680,333,595,337
1f8ad85baaaa428f8df2e7ff4bc7e864,1093,134,573,512
699e13d9a3f84d34a09edb302a900a37,1195,262,724,513
e9a1ec77f2b247ec92bb1650e61554e3,555,110,707,645
bc378f7f2c514e298253c2cb004c2c60,594,266,712,610
6db4a59fb71d40dc9e801f382817dc28,972,241,573,522
f34b773ca45c4bba91f056a86a58e799,986,169,414,348
9868d0ea206d475d8fb8015514f7fae8,188,10,504,373
7685c8894cd14407a657ee8e03b2d30e,457,367,659,420
9927dc56cdff40fe82e0848a02676054,627,516,734,410
d8db6b8a3e934831bd5314a8edfd771e,398,481,803,459
f8b77ebf6e63474dba4255a9d4b2f469,717,65,378,418
9fbeb9a75686431dae6e08c7ef90b479,65,379,533,494
bbc423dd6365415abff60148d3b16438,1067,262,546,459
9939ec3b671047dba41537a1578174c8,606,301,936,584
32b6040583834a2a85098dc0182820ba,644,53,731,642
1bac9c3bd8334c03be7c9bd087b5e8b9,0,323,663,521
5cc28a2bb7234bbf8f5bf9c0a25e20fb,515,225,502,481
647956c8e07f4e50bfc3a1b15e844cc7,565,416,668,452
c7df9e62e9b342239f2951bdd88b87ec,676,350,611,451
4b3f1e50bdbf4fe2bf3004bde4b35d3c,274,440,659,470
bffe74b137e64418b951cc00629b7e71,659,257,745,604
0af5ac6064a04fb19e6d1a26e4468fec,1486,483,433,380
aa16c59443824067815d1ca6013f7ac8,510,329,477,413
154452947cd74b0384856767d022e290,657,126,526,422
64b04e9d34434dfa8c33999e60a972e0,232,218,610,437
77635db7e1a944d3bc63ae0f41825d89,809,268,799,527
f12321c18fd642c4a9a3daf8b0bfedf8,317,369,594,530
97be900ce2db4d719ae96f7155647098,1039,219,735,434
2082905c030547a9be36f3774226d647,458,355,1206,587
5c2cd07209744d4dae9784e5b1b87be2,706,364,579,553
6be74ea8ca3c46f68a9067ff1d2fe02f,675,371,661,488
f9e088ead6a546959515c3f5da9789a7,1109,243,689,543
cd5ead4f82e646c9b4dcad5123ea9a4d,694,537,794,407
d9419b4e82a0490b913458da61a92999,228,382,677,473
4b6223cc051743c49641c335f967b25f,927,3,909,684
10a68513457c44eba4d8d429e31d564f,830,0,392,344
7146d821a32f43ca8de108daacb38c15,640,355,673,563
bacfbc9654b7408d9eec73432a4eea76,667,300,964,777
87f2adf7e4654df79af48cc81215eabd,995,200,676,425
43d54ac3dd7f4b548b1096096d82a7e8,165,96,952,476
2a161f2f70b84a098cc3c4615aebd2da,212,594,713,385
b4f43bb7e25c4b0a90dfb0c906d06fad,392,490,534,491
7fc1ea2f3a744f04959d8936d8dffca7,967,138,537,603
8bc199594aa4412bb7bfcc1b172c494b,1209,0,709,527
492962b01fdf45c6990fb24118d11ab6,633,411,986,668
7625f28796374f23b8df51d8d7fba0be,1,416,1095,664
c698c126ab6f4a8cabc8709deab680a5,0,110,622,462
6a05d893d4f546059d51e797645eae84,651,282,497,494
467fd0c4828b4ffe9ee71bf1efe01295,131,204,656,447
1740d99083354f5685d523790291270d,983,343,473,371
00b4a783941b43c1884e9a855f89b97f,48,289,693,535
bdefda25277c49e0b01add40135cc808,910,295,768,557
c94797478f4c478e9505f8c9a8a29df9,632,174,679,693
de0ae8ae65314226a8f71153b2c5bfd4,777,448,856,593
e306239b44c444209d1d14befe9d5d44,696,3,693,663
37000b102ca444468226c197605244fd,541,400,604,457
00b4f72dad52460eba9b07e7d6ce3694,784,479,566,423
be40dd0c96964b329d28f2c7d2eb7881,410,306,759,444
53ec57522d4d4bf28612c4c79bf3464e,803,143,424,349
bd9d72f56d854a4a878f4be3f37c1c79,1201,544,664,524
ecd903e5e0034652abceaf3df61ce650,275,242,1167,616
26936a85f7dc4832ae8b2e6d526f22b5,18,255,605,450
76e52957efde4ec781064448e38c9d76,509,594,449,439
ef08950516404551bdfc1e1f9c929e7b,524,130,793,652
771162e0e00745349ecbc5239fe9d03e,873,175,433,380
99f2a979d21e4ec986c402c83f11fab4,149,533,789,448
fe814c89ee3a4073aa4121442336b3a8,1040,216,706,584
129097ae87db4a5ea4e80b54c6226310,1226,285,550,486
39f6d6180fa34eeab430315714a1ddcd,76,149,1144,627
23d871d6e63f48bc995893a9be40360b,653,306,1161,774
7f9a5e8a92db4a71b9a903058480e119,1,732,685,348
c8741f6272774642bc47d4340ee39130,0,409,847,419
b71063f8296d450195b8c608b9ac7dbf,230,429,835,491
61a05a980db14bceaf29f92615477c4c,543,288,759,513
35c0e56356f347efa15a595b18b57ae6,870,266,695,489
34366dc5ceca447aaf173e3f1454c691,599,59,246,230
68d80249e29d471ba7bcf43459a12842,292,141,769,579
49e0dc15c48447f3806d59be89766511,544,325,589,478
88cfa3e0a07946f88b1f24c2c00965c2,269,359,748,468
78eb183c730e4587905a924843d5146c,0,333,573,414
caad03e1339d49429cdd4d7c9342535c,507,365,485,471
a641589f4b8a44f4a2c1b3b3b3afb34b,648,253,830,656
2e3ada55e88b4a16858c58d2f274875e,798,345,332,265
d73d15255d164b569e22d0f3e769a995,694,383,616,455
dc79a91c8e234d62b44ffefca966ee74,638,470,608,406
8c4b9843929b454ea717482a0adea062,1013,285,566,458
90181710939b463596f7034f9fa3a034,1063,77,856,876
fe12eda01fca4a04be07f65f4078697b,492,61,523,621
17154984a5c24a23a0f570a8a452624c,766,249,654,555
f6666524dcde44929f01d9417f779df1,830,484,1044,594
206c71ba91754f1494095ab616a09318,767,341,600,543
36e1fae3d59845639dcc2d2df571cf11,773,397,529,453
13e2e24ba8fc4f088c5aea5c0eb3d018,330,343,434,405
5c87cf1cca2e407fb69cb4c050dcd752,570,483,823,597
21792191873a4cdf952c1f031d0bbb0e,659,605,649,431
f268d7f92c994c35be8c679937381c52,508,415,663,473
a8d9928d9fe5404fab9a8314ed350897,671,228,529,601
2a9e5c7f67fc4970b567ced36bb273c6,522,513,630,567
03bcc23d574740a4bfb82bd449e28b88,126,409,1176,670
58df9dd188274d52909b77d0a4e4e680,707,480,1002,581
e549f51dd47d4449bd956b9dd6efb970,1318,110,601,423
3140d080c36c44ac89cc5e49ba8d3391,516,606,415,474
91fd481a8258460eb5ca3b1eb2b9c9ca,593,389,615,440
022e29642cbf4494bf5ae5bef74ffbdf,1478,297,441,412
686f0c80dcc248b0adfb495c5265e593,738,427,654,530
c63887065631424c83a41c704b1f2037,818,0,460,403
ddc45b93627142a68d287e207d0c4954,501,399,951,658
5954de06881e41b796796f766cd6ca57,905,99,656,634
1c4fec4204ec47348962550b4cc8f536,1146,345,717,486
eb9c46f869394f8e9401b34ce960454d,1029,544,871,490
782e20f6805d4e66a3ce4662e0221ee7,673,303,486,420
60a0de1ee6d54401bc60cba4147cf897,593,475,599,437
6362a50d1987496ab65626c6b14e8ca9,653,398,658,476
d768344de1d64c518056c67075e0615a,770,111,669,569
fd0c19f812bb405aa07e4e0e1edb6d1b,776,127,550,541
08af06ca4d244c2b8692ee1d60edbf46,513,243,804,710
d0923547679649c1ba495a3bd2507697,503,400,753,512
b33deaf47bd14f87b117d9b46ce80dac,15,446,838,357
536ffdd4f462434281f747b5cb724a02,800,73,604,504
a20f32e07a5d49dcba63a5b1da821a78,260,314,952,648
a2dca75f78c94ca7bb021d41fa4a82f4,437,228,871,614
3c4226f364c445a68bf89a08b13e01cf,861,298,814,416
d139292a5af74f9db76c6ce0f0c58361,735,455,804,417
bde4256b5a86460ab21a63ff67d7f908,255,441,928,529
6d63690a8bb344e89392ec1b1930906f,182,227,872,518
e21281547fea45478d7f7d17421e34e0,1311,146,607,400
684c3bdf95924e07b39843716582c033,697,272,656,504
264075b241584561a65546872056c6ee,61,177,1191,769
496d8bd8415d43c3a217b265706e8329,336,408,622,523
ae323732a2ec457d82c66a2be0fd04f4,1241,155,678,652
27ff72dc1b4746bfad6c719da1b9716a,1002,434,457,424
c894938557ce45cc9dc51258f7eef9c6,312,313,447,337
1d19006a9ad743898e64b954d45b03e4,557,491,666,462
fb36c070d9544be084b5ad04a5c90df8,845,280,636,397
a63ba6e4732e45dd9158ee2d902ff4e7,237,303,650,408
0ac6ed881ff7408ea27f789032273c16,521,392,786,589
96728251d8cc47c58327a04d44a272f0,1223,264,482,354
b4fdd08103ce4a4194130a5d39a23e17,670,228,940,542
5521cfda8bba4b15946327e09e389309,1240,398,617,492
d21059171d744954ba908ab10e029c29,631,260,1002,586
eb3a635baf764411a9f67809a3986160,329,612,724,468
8f531ff8c8ea4805a085b21bca63d41f,1153,405,693,412
d84cf539447e4dff9bfd773936e46d82,1293,355,478,435
9c8e0e94ed594808823c26728af1cd53,151,0,940,667
d95acc89d9dc42baa81dfe7da7668597,363,232,962,696
847af1261147464c84d83bf939e51428,383,197,727,502
f671f7f649c04b7986e5a876c6581564,761,78,629,625
24ab438a002044ceaf3ab0cfafb811e9,1014,35,713,516
7a413b96c3f8422599285726559802f8,631,202,822,622
