image_id,vehicle_id,camera_id,split
a7f6fba4e34942969085f4662c5e2ef0,63,82,query
52a9f3a17dca4d5a897410224c777892,63,82,query
721ec3c795ed4a01b153789021cc2e0d,63,85,query
a23d021b70a5495594ee4604790d6f89,63,85,query
b8a30a520bed491bb3147208519ae8f6,928,90,query
4234d7c91f814372a8da8633f9ed7ba7,928,89,query
ada9e89560ca4022b90625ce1239a5b5,928,89,query
7b2c760b1e2a426593189955e3974176,928,90,query
ed171b78916c424eb19e30b75bbad04a,1235,95,query
152dcd53af3b4288b177e95d1070844d,1235,46,query
481c0d40e54742b1b4750ce991219a8e,1235,46,query
2e150e699d0b4ab5976bd9a76fdac68f,1235,95,query
9742a76122c94a9d98aec1607e00ffbd,1299,89,query
ea172bf600d8492bbac629bf51b87d61,1299,90,query
065b1e1ae9894aa98df9ec0f2803621a,1299,90,query
213f1b82b15a4675966f9d9e28643284,1299,89,query
30a1053f24be473eb2a86b7125689855,78,90,query
db71e7d6d5e84df88d947eb8e157c70f,78,43,query
2cfcef5918fb4a84a92290bcbcfd19cf,78,43,query
752bd92f408e4a5d9a07429dfb267c59,78,90,query
2c532fd800dc4fcf96651c0ce0cc07ed,431,90,query
00a6d0a912e544518caa247a461a2391,431,43,query
4b1e609c95964182924784a23cd3df2a,431,43,query
0b18f806cde7476eb5930175aaa23579,431,43,query
a8ce12a245384477a45b5f55c23e877f,431,92,query
6f631152109349c58f2f3bfadb69a87c,431,92,query
8a60f070cc8f4b748f4c838c3580dc38,718,71,query
7d613b375b8b4c40a606cd0ef77a9202,718,72,query
c8988894b8f3410895564ef7d0f0108b,718,3,query
7ffbedbf85974d808dde6ff9db04d81f,718,17,query
d4b7efd1373f4495b2b769c39fef83b4,718,3,query
438e7392b70b4b6984dc3840a2924223,718,31,query
3b84434e154d4f419caf7fadbe6ef65b,829,22,query
5dae571a1076425cbeda98af09c7ec05,829,38,query
5d9012ebc38244f7b86b3d23203e2fb4,829,22,query
9b81ed3fa8d7439489fc52dd46beee74,1101,93,query
16f8a03513bf4494949341a3904866e0,1101,93,query
31f5fbdedf49492dbaa97f048ff911ec,1101,51,query
9bc3be73861e4ed3915f0f3e16226332,1294,7,query
b64f22beda0c4785ab30d227b3790794,1294,7,query
11eddc1c3c3741688332c6c9a65bb4e1,1294,87,query
78957b465c3c47e1a38297a115109a71,117,86,query
fb132dc3d17e4ab2a10bd6517059232c,117,3,query
9d9e7cde7a29431aad5d375cb7a6a88c,117,86,query
8ddfa1d93ae547818fc124673cb17c83,117,3,query
4bb39bfbc4d64337b7379f87452589c2,59,77,query
94f1fc922d714e7d9518ec0c6dc69adb,59,68,query
7ea7ce40fa6c433fa9eeaee4aeac91ca,59,77,query
76e07b9380b544b09bb0a995cf01df5d,697,13,query
eedd9130918146059598d98d10162d59,697,68,query
fa46e1b9978b4510aae8ec1e1c2f68ec,697,13,query
f82f22a1d9d84d04971599fd4ddd4edd,697,68,query
b5e02cc5ac8b4bcebc2c28c3d9f4dfa6,309,0,query
f069efb4e3b342fa9be9b857e6ee1d2f,309,0,query
a95ded72d82f460ba97e6d9f3d850d19,309,25,query
76882c98272546eaa97cb3dd63ff1a70,309,25,query
92d20f3ed87c457c9ce41aa010bcbca2,1006,51,query
248359b5f0774bef92c018e486426f87,1006,10,query
59520dce675a46ffa8e6269448a1b77e,1006,51,query
b73560548588499fbdd8e2586615f53b,1006,10,query
8a35652b6f014863aef50d1a43582c5a,524,73,query
a420e11949794aee95e338eec8b4cfea,524,92,query
b0f9075e3bcf40bc80dbd38300e469fa,524,92,query
790dfe205f3448e2ab64414e78c20f67,524,73,query
fda46705a4914676b2826e496958626b,363,51,query
53c5e520abf04f2aab37d135fa850488,363,12,query
8cb414a23ec54621b190f7859550bf05,363,12,query
097d9b67d293428481f98048259c61d5,1484,13,query
f86ae80a89d54bbaa9ea35d006335208,1484,13,query
cfe3dc5c9544472e9daa9048cdcb96da,1484,68,query
aab33f54b138441eaa0da82cd4824de3,1484,68,query
2f0d49b58dd04eab9dcce1054ffd152b,762,38,query
f446c6c95b1247abab6ce0874bcf8323,762,22,query
5b9741847635416b988c71e7cb34106a,762,22,query
1d223cfb8e284a4bb0d183ac391ca511,751,64,query
f8a552a02b2b467bbff1bd8fef453ded,751,87,query
ac136177d5824e2380721c4ceafd8a2a,751,87,query
e7dc4eb500784928b1895d6ce6abf8df,751,64,query
4e044fbe8bda4746b6e6d99a90f72a16,1365,15,query
e275eb0932874740bc8cc428a49c71d0,1365,15,query
4ed258b6ca78451aacfad78a884f37cd,1365,11,query
951ed6910dbc4e53ba29bad366a9f67d,1365,11,query
59417b46abe34ad0bcdcbb2d0e45f507,380,36,query
00e579c1b3204e2d899b9a6918ed8406,380,11,query
a409fe197ba04985b421d9e5fcee632e,380,36,query
a5102afa30344445bc3f47075156f774,380,11,query
819fe9b785304f53a742cde7ef7dbd0e,1156,86,query
765a3219d834419cbe7179e6da1288b3,1156,1,query
345437a866f3420abcef332d6c21250f,1156,1,query
a520c3a3f25447e181b9ef6a49f918eb,1156,86,query
811019c40a204fe2b12e2c13868e198f,674,19,query
8e83da66e28f4faa87a994caebd10730,674,19,query
76585e4fcbc24fe6b816ad2dc7899ec7,674,33,query
13298d7fb36a42b18593b7d472856de4,674,33,query
8504c0cddcf04d7fae993ab59cca56d3,1414,90,query
b7eefa89cba042bf8245331cd378b29b,1414,89,query
a77365b03da749f8963fb5580a9d422a,1414,90,query
1fef43311c004625886df9e78de8c831,1414,89,query
5a489429e3cf45b8bc22bbc9e29ea329,892,80,query
b23fdb0e92d0461185943a6990ec5f28,892,53,query
e4a5a9344809498c836bbd6905a6b304,892,92,query
f5e66cc4ac7048f9935c460c1ea82658,892,80,query
727c6f11fa604ce2b045bd63a53b5962,892,45,query
067ad1be1e834e78bbac300622010184,598,69,query
0a59d41c6cf64a10bb6acba2503a5161,598,69,query
0d4e21d62d64486597427b65bb25d903,598,11,query
33aaa3830ca64c9ab0113487874e9e73,598,11,query
96b4af09645d485c87a70c426ccb403a,1,67,query
978689c2cfd64c8eacae2352000712f9,1,48,query
bdf428fa1db04c719a3324a0737a913f,1,71,query
d74b6d1a97d74fd58b485ce8e12af5db,1,48,query
c84a0c05f10c4457b063c77ef279a8a2,1,67,query
85aadb611cb94463a07f7d0b1388e90c,1,71,query
a336f6387355497f8a3642a6568714e3,914,77,query
5eaa3dd2444d4eb3acfcb6a26f671b7a,914,68,query
0efd9a5b696249cc8d5494cfa3df6d45,914,77,query
119c79fc566e4cd7854b08db7992fa1b,914,68,query
aa3dece8ad6045e2b404fb8aa8ecd5e9,272,78,query
0831f9c27e914da2b7b1881dfb3c29b1,272,12,query
003aba306c784c5e89c258d5ca3f8358,272,56,query
0f0b18ec406147d3aa3e670f3927b884,272,78,query
b48f47a4db024957811ebeba2ccfaf3e,272,12,query
a2d6077a07454f53b69016a3032d183f,482,92,query
8ddd4bcb10014e059b73d19808e6dafb,482,83,query
57ae1e25941a420fa066e097658ac84d,482,83,query
817911fc351944218badcf066c0a958b,482,92,query
27ca794b47504488abb05582a151e3bb,1519,25,query
e1363abe0d6140bb87974ea6b5752ff1,1519,15,query
daa1cd4cde43486c9cc0ad58b2092eec,1519,15,query
d51e269239ff4bef9bb11cf500d061cd,503,68,query
00efbe470e694d8893138ab861d8c8be,503,77,query
8630c10c5b534b08a718f3b1b011c302,503,13,query
2fd2d68961be490a9365aef4ae54fe15,503,77,query
12edbd3762b6413190ef5aea01f0cfa1,503,68,query
108bbb1eab5e4fa685258e037461cc82,503,13,query
8ca26181219a4ac48f9ffc92c1a9745b,285,79,query
86f18847a55549bc9cdc60eccf251e6a,285,82,query
ff3ff5c253744570a8708608f01d1c46,285,79,query
d113cb5cf2e244aaba540684639b6ffd,285,79,query
8a3c2c8dfd98427fa0f8435bbd39daec,285,16,query
e4536f4645ce4f0ead7143d505079799,285,20,query
ddc90fa968364e19938ccced99ae13f1,1021,90,query
ee76ab9ecfc64b32af5b80af65e23f03,1021,90,query
10b3a874be294c12ae0a7b787ad33d85,1021,89,query
ab2b09b45cc340a1bec81d3c8d7f245c,1021,89,query
862831ee43a34dad9f7967d2bd73cd74,1494,1,query
fe31af8bdb7c4777bd90f84b6bdf06da,1494,54,query
595c70af27fc432ba1fdedb81adc5c3a,1494,91,query
6ac6b312bba6439b8d169fa0a5f147e4,1494,54,query
7ddc8c06ca39448d812073d60abefa15,1494,91,query
e7be4a9b3e33421ba7809569a667b5d9,1494,1,query
d7f1ce4556dd4f5ab9316c2b4e4209ec,34,81,query
ec8608661f12468e9b3a880a08c8fdd3,34,81,query
875b504d30e24500bc46d805e9ded9f5,34,89,query
c07a85c4a2224e11b7bbeea95dc7eedc,34,89,query
17ca816c167043729a93e019ef54d0e0,1044,86,query
f0172286a95f4254b3e45aceacfa9340,1044,33,query
905a2521dd53412588b3cea25ffa7a9a,1044,6,query
dc9dda3b6c41409eab99f3e41dd8cde8,1044,86,query
c49df913cb1c4b24b6a7c3d90ebfd915,1044,37,query
379936672c0d4a0393be6bf0cebbfae6,1044,33,query
b27af2dff9744d618532f0ad0f7118ca,962,85,query
dfa874a1ad64453484dc21aa435a2aa3,962,83,query
d74937a445e54142a4acf7a1bc8a46f7,962,20,query
f2c995e020c34a1baf25d0e7608bdc22,962,20,query
ac2cf5e002bb43a387e3ac8a33b259f7,962,85,query
2de30b5ae63b447b9cee69ea9d7df038,962,83,query
8703c3b0ea744b8b8e8fc337fd7e2260,132,90,query
de5d13ccb7e64c0b9a865cfb661b9853,132,90,query
a2fac693eee440ff986ba80ddb0c76b4,132,89,query
0e6be1d2346e4fd2bc49477d12b6d290,132,89,query
3a1a33dca623475c8e018d2e00c52104,601,43,query
4fa85c39e7f84d029e20d62e20c06f52,601,90,query
99ebc8079e91493daaa7a3541b2a63d9,601,31,query
dcfed512b2d14a7ba7c04dd862e67e28,601,89,query
cd27316f434a41fd9977ba6ca1daf865,601,43,query
019748d0729a455bacdd384e2c26637e,601,43,query
3eb77335fd014946b06c0613b71214b3,145,12,query
9a5f375e708941cf91fe83e8f0a61ac3,145,12,query
e7a6510dc78e41f3b0b1fb7015c7a09e,145,51,query
a2a0e7b2b1b2471d838ea9659e276516,145,20,query
4c79f6fe037c42d19e8c180861a86d55,145,12,query
db4e4b68c8174a0ab606c20c89438662,145,82,query
8af4064ccdf940179e94c942aba422e3,348,63,query
a59e73ee03cb490c9b19b559d4dda98e,348,35,query
ecdd8321e5e84bf590e5871fd9164747,348,63,query
c0d74c003f004c349e05b854943d0c9f,348,85,query
2d49ba6768b34876be6d4f7994c641be,348,79,query
f59d08a9cb27412eb9fd930f4e27a2ac,1004,33,query
7cfe724c9e6c4b2e9a3cae782717f897,1004,19,query
80a1ec7f37084b66870aa2f6abb6dff0,1004,20,query
7d90e3fa659841508cdaa39249b5bdc6,1004,82,query
39ce9e8eb0f04b72abe1a9dc16d3b529,1004,20,query
7ea76d771d654461847f17fbaf143702,1004,82,query
f09a010796914c0791b0754f60942608,853,51,query
9b0fdf6380e949eeafc5e7c09d5033f7,853,12,query
1c538f8483d54480b35c5ca730bd6916,853,91,query
4c28c38c15de4ea7814a05b823152e5d,853,12,query
97929ddb5d8e4a16b5f00b26e9d84c00,853,51,query
bd4a2409e3cf4c218ab48d54416bc435,853,91,query
0971a73ee5594b598e8fc8f5774b7def,73,6,query
4dd03d16715a49d98fce909b629115fe,73,12,query
9e86ac8df372464584fbbd67b3cb26dc,73,6,query
19b59a6a8149445da022f27bdb4bafb0,73,19,query
4038e650bbd14697a1dddbe92d7daf4a,73,23,query
ce863f7920704f9b9894ab6863d191c7,73,7,query
8962a4220218407fb6fed0c81047c3bd,948,61,query
eb7a872157f44fc5a1b9b9bf8526821b,948,43,query
0a8d53500d9d402490537f41b84dd259,948,43,query
ba7d79a3d44247a8a12578852bd513dd,33,12,query
4fb2052237834bc39ea210d91130013a,33,51,query
2a00d9bb4484468dbce4ce531b7ecccc,33,69,query
338d37c9b5444c739359584e0bb62d33,33,69,query
6cc3abec83db4da8ac59d6a285009a2a,33,51,query
adcc4ad1c6c54ba8bf4cf214be259ead,33,12,query
5b64562eba2c4da28f3c9f08a2bb914d,263,69,query
a14bcd7605d440ccbb77aab539f434cf,263,89,query
262622d457ec4b45b41d8bb4069f3a27,263,89,query
c66c1c47276546d98c0b90d60696a3bf,263,69,query
7ca3e5521ccf48dc94533089665e75e8,1400,18,query
c70ae9fd549841bc87b12bf64b63ff91,1400,18,query
21b0c81a7beb48d8b0c22f3f01aa67a8,1400,71,query
2660cbd6eb564d0bbc806032f70df5d5,1400,71,query
fa85750c2b0c43e895659ff48f18efb0,1016,11,query
a21d52f0fdbe48e282529003988c4358,1016,11,query
8935cf791c534aed9365228d0e4017bf,1016,94,query
627ae904c4cc48a8b490352f214e7325,1016,94,query
7eeb452be46d420e97a3ce57b0b49f81,377,86,query
9347e57586ba4f0084d099b777217379,377,86,query
ca7ad10cb83d438c91596f07027695ac,377,56,query
66a3713872ce419badf41c1c3129da77,377,56,query
f0ef7b58347b49099f41dc2bec3cfa2c,324,94,query
dea4bfc7d61d4051bf5f390930fc499d,324,20,query
1554f9d270084cc687210465a6fd5b63,324,86,query
31b56e9352c549bf9956582bd5287f7a,324,20,query
403d91521eb24c819abe314065539db3,324,30,query
249cfd9c13f94c95a9e747959d0525b9,324,86,query
c80243fc13534458bb0b5ab552c1893f,790,92,query
26746c3a1b124f318f0994de23868e4b,790,0,query
d933ae06c75e4917aae5369b5a645e94,790,92,query
285df8ade3994a309b335223db75660d,1497,6,query
808282044e374d7abde4c9158568f56b,1497,33,query
b6596eff8f224d0c95ebbbd1a99f3fbf,1497,6,query
2ca9fb661bc744ff8b8946af61bd88b8,1497,33,query
cfef4b92d5ae472b8826da15cbce687b,527,10,query
16faeeae4ac146b38c69be4bb797716f,527,61,query
36f1277380504352a6ca67241629f6a2,527,15,query
cf5ecb3437024bad8dbe8b3fd0a6d875,527,21,query
57633a8b51d04fbabf5b4744bfba59d8,527,61,query
4cf02a5e7de54906956b0fcea61b9313,527,21,query
c3fc21bc01814bd58d537971432645d8,1248,2,query
1836c9affc1648a3a25388d17bd81424,1248,2,query
e3ad9e8cfd444e90bb9d7636a3ece5cd,199,18,query
442b806d4b0344cd85cb7c129de2717f,199,42,query
b8de76cd15824921bc9082172055ea56,199,42,query
668196e6c915430fbfde3f0e1ee003cb,199,18,query
4ad8863775ef455eb7984f767149e962,1428,48,query
c78574ede0cc4cbd9293886ef9a973d8,1428,89,query
2076f2c6f3d5486aaebfd718b36fd32c,1428,89,query
b82fed1cc49c40899e90339a9960adff,1428,48,query
ebea541e39e84e4090f234e7e52ce3e8,1537,20,query
a49cb30096974a52a62771eb749ee7f4,1537,82,query
f12efd52c4a0495695228c40b31455a0,1537,85,query
e2255fd5c69a489d936065fe419d26d5,1537,20,query
5ec75e4bd78c49d680254ac11f087cad,1537,82,query
67c6766137d748dda80b93b1880effa7,1537,82,query
0f8bd0cc173f48c18d03f9647c97c8a5,1540,92,query
97d7bab91ef446369516e008fa1d9716,1540,92,query
6885d693a70242cbb179772b680a0039,696,43,query
9a40c285023f48d29b90890fdbee55c0,696,90,query
df9f36ed0f3c4c2598252a82668a1261,696,90,query
42d603f86d70443585b9ee258389ac3d,696,43,query
c109d9b83f994e9689bae907ac0a7f50,893,61,query
d484ac1417a645dbbf5d7a32ea78d54c,893,27,query
70034bb28f314dfd8bceee548e535325,893,89,query
eabda5059800447e9b99b137914726d6,893,61,query
acc230d1809f4beda8e18eeca56e99a1,893,90,query
cddba3f4222d45a1b766d918daf9a628,893,51,query
96c0357d26ce40eaa498eaa2817e461f,202,89,query
bf90a4f1cd354194a8c508dc29515962,202,90,query
a79474a99ddd49c08179d894e5776b7d,202,89,query
1f4202c2f1a14fee8220f4f7173ec7b2,202,90,query
741da5d0d83c490db0ae2d90354204c6,1138,6,query
9c396e5cf89547989145af32d2b11319,1138,6,query
21038fef3f604b75b6e1addbf8421d59,1138,19,query
ec14ef22e2704372a12d94b81370589b,1138,19,query
fd73b022b6094266a6e1bd5295e40768,645,90,query
c8550ddc12cb42a883e8354fb6b36d91,645,92,query
b837fb8c930e4271b17fd7a55a5cacd8,645,92,query
6164c40618b642889fa1aee3d9b2ab18,645,90,query
f4278f76f63c4ade9a9464b4d12f56d8,895,11,query
c2e4747453d941b894a07275f8f98bce,895,11,query
1de0edfaf4d14786950942a039ae72fe,776,89,query
67e0b425cd2043279dd08342282f3444,776,90,query
1ff63f8b1d684d24893695cd646a9423,776,86,query
a15307ca130e46ed9d35fc05e1c4a300,776,90,query
1b9a25802fd54a5abea7661e389f638f,776,86,query
4768575170fb4ac49f5550dbec93f9ee,776,89,query
02efd1ae599248f9859671142cfdf949,589,20,query
0795bac03a5e411b875dbe405b65ac80,589,48,query
895c86fe05454d2ab43364419ec08ab3,589,20,query
7a13291d00084d56acca8e7c15a0ffce,1476,85,query
27a1d4564d2542048436a3c1cefecaf4,1476,43,query
fc048ba1cdc64405b9436ffef5df7ee5,1476,82,query
77bd3557bf6a42f9ac8f375020f5abb4,1476,43,query
e3e506eeb18e46599346bad5e0361a83,1476,85,query
949970460ba6467aa07cbbaba09c143f,1476,85,query
5c23ae5321d047e3bc9cedb7975b739d,736,19,query
a7773e2468284e18b22f69f97f882e9e,736,6,query
df8331c06b1244f1b143412ba654e883,736,6,query
a80ab773e1274f7ebf0d5fe4778f60d9,736,19,query
c66835abcdce48349330b41c849b6065,536,14,query
d5be5c8e097b4a068097954bb7818b5c,536,71,query
0fe3f75f86914f4da5d75fad77037611,536,14,query
1e9ae37d98884eabbf460761f09ad7fd,536,71,query
d70be965cb3c43629f10f640c3e59198,536,91,query
dd8724f22e7a4f009f720287471ba170,536,71,query
b5797257de1f466ca3328cf6dac53c4b,1384,90,query
fd7da3a4ea144a2bb4f67f5bc9f48012,1384,89,query
e4a58c9da7fa4840a064ac943a3e31ad,1384,89,query
fdb84b0a7c7f44f2b3787258c796e511,1384,90,query
9a84be4df9504713b0c2a1fa970232c0,904,89,query
1b4ab30599ea41178b775b81f5f6265c,904,90,query
64a9bec33f0e4b21b1f9a0c8f8504741,904,89,query
2fa246b5833d4a57a4b7323eb04fc48d,904,90,query
2c58c0c9438943b0b0a9623649f64a20,990,83,query
76d4f197b26d42558a5f12dda7de846e,990,39,query
9fae0e5ee5fc4c7a81e16b6d197da5c8,990,83,query
a176d5d82627466495d8bce23b33428f,990,39,query
0b8ca3b817594febab5a2355c7fc9132,221,27,query
f0eab5370b0c42f8b711c72be8f7971e,221,27,query
93bbf530630745c7bf0584d2a0de8115,1333,23,query
7474b93a4ecc4d6ca11bfcc337a31a2e,1333,59,query
c842dfe7724e4bb8b99f68a7906bcf91,1333,59,query
5435b42467f54fe0a00df76c745d2dc6,1333,23,query
84e0c48be5574d758200eec39036b6a4,1041,71,query
fcacc1fc12044a8990d8b4c00f370d90,1041,71,query
2dde57f6aa754d5c9e494a69ef4c0c77,1041,16,query
91ff4e3429a64a3da98428e018e3ac9a,1041,56,query
689118cbdbd346f5b548c584675b40d0,1041,16,query
0a129ba8e84e4eb18cd85a8e2ff490f5,1041,63,query
9afc51e635ee4a75954dc71d2d099010,1516,15,query
2f859753e31c4ba59df4695379f3e98a,1516,61,query
eca08b11264e4cc39297f1cb6da91d5f,1516,15,query
01f0a4a01b594c75a5177e34a0c39494,1516,61,query
a7922aa63c67409286370a2c80231b95,181,36,query
c06b9f5d7fe841f692e37104463a2eb0,181,90,query
810436b02aaa470b84adb815009dbb04,181,36,query
ee47e75fe5d4456aaf8030133b638524,143,12,query
a954ca18ce4c4be19126a73a536c9d02,143,21,query
a733d1bc5af4431aa526328616010c83,143,12,query
5eff37939f434852a0e9ca2363f7562c,143,21,query
e42b7ecdff884e2087acc3389554d8a3,6,9,query
66c2d53f44aa47dda68b91efbc9b8a22,6,9,query
a0ffb2e9dc384031aa3fd4e42f4df327,6,73,query
477c4bdddea74c61896e2091ad3a1d1c,6,13,query
af247c07691445299f8c739094afa7e3,139,1,query
d618f23f5dff461288589cc98d74295a,139,46,query
df480beee3dc46f585e955be5515610b,139,69,query
6e5807a796424b698bfd614127941c83,139,46,query
a7e58aa1c7ba428cb67bc01a439d3859,139,46,query
5b029256f8e14d86841a9597dc51ce8e,139,12,query
8d040d3da78b4e75861c7c74306597fe,1505,89,query
34f974b37f9f4f08a15206897db77e99,1505,90,query
effe83add5974498a107c140648bea4e,1505,89,query
dba22294a4854e3ba5c9b0cc50eb90e6,1505,90,query
6f0e671f452c4b618f91d9a4ff80a4fb,788,43,query
48436b4e14b143468cfb83be4138267b,788,43,query
7b2003016d294f1d9121ec7642c3dc4e,788,15,query
9e321606529749d5a2f75635994a003b,788,43,query
623fe9c000d348a89879395c0f819e8c,262,12,query
8eb0014398874aae9055bc6bd80f3329,262,1,query
c1e9aa2d4ca84ce2872696ce2858dc20,262,12,query
b53a4be6a9df42d29056ce2d77c5120d,262,12,query
22ef06be15ad4e0b866f387e658304d1,262,1,query
9cfcf3c08f0c4b5b821268ce559e7075,262,51,query
440663d745b94e689878e5a8d24d480c,1389,52,query
0607e00844304741ac2c76f4101ae9f8,1389,52,query
4e81b07398474d3eb9ffa37fb9704f6c,1389,71,query
de54748b85dc49c196e1c5d440df22dc,1389,71,query
8a25df47f19743c0907387b1a22d3599,25,90,query
151bb37ced3e4d86968e4cfe33fd9fae,25,89,query
88621ff1c21c4236b0344190921834d6,456,72,query
db562d3e119347979e724f3e13e71588,456,72,query
d90d0822e1424c43a6a3b7dfff45bc95,456,24,query
0c0df22f3871484aaf6dc6ee79942af6,456,24,query
f82cf9e142e743db837bf2df30bc8b8e,162,90,query
ed8860d0f04a428cabb048915c321037,162,89,query
81bfe9a738914af0bfe1221c3dc2fd76,162,89,query
810e761dea08460ea8f36f5e0ace094e,162,90,query
e616a43a6037483b907571f367fd7be3,1062,89,query
751bf9e09ffd438ab2e981da5474dedf,1062,89,query
d61fdaf876744a2cb7bc704d29e9c514,1062,90,query
adf9714ea2344384b2e3d9df0a7af36e,1062,90,query
0f15f8a801c44841a80291a0bd094bc3,446,53,query
27dd4ea4872346fa999ae452284f5872,446,53,query
e1b1b12c4f564f9ab5148df3b7ddae8e,446,60,query
e63a89a0b04d43daaecfcb759606d638,446,63,query
32cd86d5b34248c4bbbf2166020fa9d9,446,60,query
b0b67dcde26f4ab9ad02e59cd707e9ed,446,60,query
22413e96eaa94ad6a84863e8f796c8b4,175,82,query
de02e51d0b72482fa7718b003e5452af,175,20,query
157a42af61c5462bbbc4c093d3458314,175,82,query
eef574971e1944898d4acf1155b272e6,175,20,query
f1200bcaa8d34a03bda11ace52a338fa,175,82,query
11366f4c5a924fc59a3dbe88487e7de4,23,54,query
8494745f57bb445a9790e2d2abd5e71b,23,54,query
833fd05701f74898afef1c31c2bae668,23,4,query
f981883fbcce46d2b441ec2890599eee,23,4,query
6ad565af90ce47f79e5e19a3b691cdc0,676,89,query
c8b264c1ed4c4b66855a88e01e51cfac,676,89,query
29d9f3c544e349b6a64b567c16f52c0c,282,89,query
5e65c6dacf3d406db869a2c735160040,282,89,query
2d31edb0089b48b28061ec0f05325db6,282,90,query
f776ff5b53514c0f8a697f00a37d71e0,282,90,query
f9a12b92e4f54b3d8faa7739595a30b0,1213,5,query
ed7c3b52d1f345458cebbbcefbe93eef,1213,59,query
d7039d11e3684ffc9ebd4749f12f3a78,347,53,query
5c20bf12e2064509b7348ab3571810ec,347,53,query
a047c60a7e7a4dd79aab85855bcd0241,347,69,query
9833845ce67f429fbac6d74a31e51797,347,69,query
2aed7d0bbebf4ee5995c5822ddbe8054,862,89,query
08cc0c94595a46899afa6c2bbd1a66d6,862,90,query
2b14bd1319634eb98f070dc2bc9ee158,862,90,query
be762e636f074e43a0950b682ae6f6b5,862,89,query
9f99ac94701f4d499cf2feaece9cd56b,1291,31,query
9d0862ec79424baeab2c3fde323b336d,1291,31,query
a281da513759437da63913c931b49772,1291,71,query
37ed7a0ffbd04d7790e543e5b8775739,1291,71,query
7a003f921d5f4cd38fa6a91c24f58b81,1291,38,query
ecd8c58b243f49ebbeefb009bfa116ef,1291,22,query
9a508b0e57874dc6957a149912c0d4f4,903,84,query
c92a9211bc9c470b81f55b49ad58e4a1,903,84,query
228c2a4a2dd046f68b83ea2b2b71b2ae,903,40,query
9163cdd4b6164e6da4c9994be64c59fc,903,61,query
65b7a74b0bce493aa30297ae76d948c9,903,61,query
23cd4e49211b412eb78b9ad9cd0a3471,903,84,query
ea051e1454144d6dac3a37f5acbffef2,1420,89,query
fd9efc68cc964c2b8b8387306a69c240,1420,90,query
4ef2848605e8460fac202a3ff3a7eac0,1420,89,query
17235c85ac6e46dfaee5cadec0b0567e,1420,90,query
af6442572f1a415ca220fa27d668000e,1438,89,query
fccd61f18df84197bdbea22087052508,1438,94,query
2ea166c89a294d0181278c4d41708e39,1438,94,query
af439e30cf5a4c90b38d554dbf9be2ad,1438,89,query
015a59a8e3a9439d98adfb7b64e41c6b,1438,90,query
025b534a29b4459893bf984a46f748de,1373,40,query
36b71f11f7a145e984a92d025a957619,1373,40,query
f5f6e240d61447bb90db587a4a285641,1373,86,query
83d3f9cadbb1452b830392436bb8c898,1373,15,query
8960ba6c29ff477399528254db6bf1f2,1373,15,query
7ffcddcbad37459889c6c9065dbb6a10,1373,86,query
ebad4052108f4604b5c929266b57e54f,1236,85,query
c552c4fd874c43cdb7aaf8ac22622798,1236,82,query
9b2531e80a2849059fb57e8650756ccc,1236,85,query
851f1c58595547b9bf8b0d1fe39d650c,1236,82,query
40484c7c6afa4e05a946533abd26aa67,232,7,query
fc70f2fbfadc4062b97d7d07e30cb0b0,232,7,query
7ef15ae2d0174ff789e4b2184a62f7b2,232,87,query
fb38d022ce06472f9500dc6b7a26889f,232,87,query
f57d4326627546e7bbd55342721d0122,276,90,query
d925c8c0681141ad9552cee5dbba67ce,276,89,query
2a89b51359ef4b228844dc47b7d75498,276,89,query
cdf5d7c981fe4b5b90815c56baa67cca,1479,6,query
1bde076c1d2545b9b49d1415553d851e,1479,58,query
37c53d976a7e40f5835de7db4d32cdff,1479,13,query
7e0f9a5645d94590a20476cc87abf409,1479,84,query
281552b1283746c2b6c9a6a730555505,1479,33,query
a29a08072c964c3f9ba40f8b5c358549,573,86,query
408c933efe2a4c2a839b1f078f4185ac,573,54,query
7fe687c368674db9a34a7e70e718e1e5,573,86,query
0d2ede46dda9403d9553aa2ba6180aaa,573,54,query
f1374db1a28549b7acf80b3c567c0113,1489,90,query
d16b4c85a6844765ad29eb847fbfb749,1489,89,query
c7b9ce9cf0604943b6f8cfe134f6c83d,1489,90,query
f674e767e56f4a53bf7326cbd5807e46,1489,89,query
2fafa52289574af49e7569cd4fcdc090,807,65,query
8b4cdb21dc0149da8bf93ee3380ed13b,807,54,query
65f6968c6d9444d4a268f44ae94675fb,807,65,query
837518d296dc48efacf0888dcca15617,807,54,query
4d67590144bd41679daca4bf3a24eeec,1065,39,query
a6ac0b626e8c46b59b9ed8efdf262e49,1065,73,query
4669b5481821450b837241106c22b721,1065,73,query
363ba31cd12043d89a6a882be7a9651c,1065,39,query
3846fc9d4c9a462e94364ff852e844e8,627,43,query
4de0ba1da81e48a9a5cbe583d442a37c,627,43,query
5b76cd98085248d7a72e249a86ac1dfc,627,90,query
c16b6939a64648598c05f83f4af357ad,627,90,query
9fc153b3ffd7444d85c5bf6084605194,1534,42,query
84d3eb71686e431da8fbd367de175df9,1534,94,query
87d85a57282248739e92c1d1377a4500,1534,94,query
3ed09186c8a84365b2e6f0ce45ec664f,1534,42,query
63c8a53921a34baa959ab88ba1a4f814,1472,82,query
ffc259f71c554830b01b7680becf321a,1472,85,query
a0e37dc43fab40bab6b2ddeb9b1f0607,1472,85,query
aeaacc650df24e4398d9cfd64e8c86c6,1472,82,query
37dc0c3200334a21b4adfd3cf7a156c6,151,90,query
5ac2a9be3bc4492c888d467be49efbdb,151,89,query
f3732f8943a042f48fbaf8018c9363a4,151,90,query
b9f4e26677014861a051433cd9be9669,151,89,query
f8e5e6491bd64416981439764460a350,249,85,query
0751c82fee8447bb97273851a90f84fa,249,71,query
e47bc7c6d47c4c6fb306a4a4e1676196,249,82,query
36d16ee50bff4140924f43fb4fafcdcf,249,82,query
dc4eca39e5f14bf1be9b9ac1ad9ef908,249,71,query
74045bd0093a4586bf4a7a843c7a9c2d,249,82,query
b6898c6a324c4df1a80ff78964c2973e,1501,86,query
9678ba1dd0ad452f9e31f22b0bb02ad5,1501,63,query
66dad95f80014ab9ac28ef7374b0cd3a,1501,63,query
be681bf6697f4b52a17fc367ea0fda10,1501,86,query
7fbf26118c0f4e6e867e1b732a6e8884,82,89,query
87d57ed1664c4f17afa9f00288a29dcb,82,89,query
78d5d3e3ae1d4d26bd20b473252dcaa8,82,90,query
82276117155349d990d37b50ec12ebe3,82,90,query
6197926836fd4189949783aa607f21a1,387,68,query
7954004ee487410ab5b384b7c956a0e5,387,28,query
0e93e1876a8e46618b2e97050e5a54e0,387,68,query
2eb012ce618841ae86c028b8e3ace510,387,77,query
fb320ea346ef446595fbabdcfe532556,387,28,query
2adddbef7e5942deab95013a8a748196,387,68,query
114cb5bc269146d2985cfe2d1f277860,138,86,query
39f4563f68dd44c69c26e0a30111ce09,138,37,query
4a3ce0b48d4b46108c13736ff1d0a3f5,138,86,query
1f202577349b4fdc811132a652144874,138,37,query
8daf097aa9cb458b81cc81a274e5dc7f,338,53,query
a32f660f71db421ebd658ae2f0a87a37,338,83,query
9cb463062bcf4c9593e9648d49415887,338,83,query
06b6fd899f4140a692e8c941ccdfd346,1425,82,query
f4a69bf7688044f39b00d77186e71a1a,1425,85,query
5c1979ec5dd945949881fdd68b96204d,1425,86,query
c7c9acdb24c842abae441d3b21670c9d,1425,86,query
a3018de85615478d8cfd3c736773c099,1425,82,query
d2609baba2a64f599a286c2ca852fad6,1425,85,query
498ee40f7cce462b9795ccc841fd8119,964,85,query
a2379b02ddcc46d48ccb78be98c2e223,964,82,query
f5adc2bdb67143b3982f1828e5e90769,964,42,query
d096e331f7204031a7fd5aab5e8e9df3,964,85,query
3fd2bc15685745ffa6d7e60e7016ccb1,964,42,query
b363888a4be94ebf8f3f04b42b778562,964,85,query
2853a0342f0a497db48eec4195bde6f9,1303,82,query
f3bdaf72d22e4e558e9e47de8ea94b00,1303,94,query
40fd02df1bd942edbb90024d3b2f1049,1303,85,query
918dc97e7d844a0ba2b9ba03780fc661,1303,94,query
6c6dcabc71ec40cfad78ce8384d367c0,1303,82,query
c8a07b0a180e404abf2efdc09c43b16b,1303,94,query
d7008ea403194e05af94fe143e552be7,36,83,query
5daa2b70705741558ebef517e49bae32,36,72,query
f0d74cd078ce4e5c82538d2bc587fb47,36,72,query
5c9e8ee930664ac581c209994d6831d5,36,83,query
bf46ccb4f6d54d56afe34f00b7a40922,817,40,query
32bc324bbfb445fe8761dde16ba7759c,817,32,query
085f9bf9f34c4042abea3e6bca7812ad,817,32,query
38cabbd472bb45f2b654d81d393808c2,358,89,query
74973c431c944adba53d8da3bf52a77d,358,90,query
df06fc8b0ecf4d9aa5b485fcf91c1eb4,358,90,query
d15891c59e0048849c3616d3bd769cfb,358,89,query
d20a8e175a8f4455969e43786c3cdeb9,1261,91,query
cf0b6dba1ec24576aa8d66511b4157ac,1261,19,query
f6b69341a96849d1b77c953f128df644,1261,19,query
2c7cde4e292645bebb8a32baf657f9e2,1261,91,query
6853753da1bb479885f60dd8a7b4a7bc,865,74,query
34fd46686e01427f86e0f4b6a6ee74f7,865,33,query
b90eb7215bf64927a73a557808fc7b66,1190,57,query
89f64cf731184a448581e8504393e4f4,1190,57,query
fe5a426f2a4d4e64823e7b3ea38d6012,1190,89,query
ff05d9751033416bbef3810c0e8212ee,1190,89,query
0144eec78bd946abb983f6082c0f5dff,787,15,query
9e54381cf93240b0a2c871c35387b9b3,787,22,query
a157373b8f834e1cb25116890c4e4791,787,38,query
1888835a653e4fd4ae08ed57e038d2f5,787,15,query
26f713af133848aaa86254f0197544bf,787,22,query
2bb117caf453494997908a81d5c00b8b,146,90,query
23f737621c3b4b3dbd895c1521bd6ac4,146,14,query
8b1d0f05814141278e346744e7fe3675,146,14,query
958c8572b355422583137767121ac8f7,146,90,query
5407db7dd3a446c1a502ec0f7f2f1e46,453,59,query
69fa39f52c894a15b3b29567ad41e35b,453,17,query
e326fefd4f7d4546bcb3477b704fff0e,453,59,query
d8cdeb56400f4724ac194535c7d632d2,472,51,query
600725cc19aa47c8a0ed01cbcaf8508f,472,51,query
f62b7a6faedc445180e097d32532074f,472,53,query
f571272966044cbfa9919a9473b1511e,472,53,query
36816db84cdc4585bfcd75a905d186cb,349,54,query
86f19c6e4d79423891afd04c49e51d84,349,91,query
b2a840a61b764b50b2c4fcb73c15cbfc,349,91,query
a57385e23b9b476fa59ce78e5e23bac8,349,54,query
1c5fe26ec86147c7b52bc89cfb09bcb1,1229,80,query
1717056f5990440f93c80c7991a1e47d,1229,54,query
c94dda00b462494d9579460447f828c6,1229,80,query
7c79eeaccf1446bab70af46116f1b4de,1229,54,query
d4c6cc0946f2433dbdfad084f8108a51,546,44,query
49db54dc3eea42aa9c6fd4652c0b53b1,546,24,query
2678ad1dda1a408fb619403ac0a6fdf4,546,65,query
9b5a53523bca47ba9f44b953d0d66cf3,546,53,query
63cafe8f6d1448b7bdf96f93b2615950,546,44,query
99e66290811a4e139bda72afe2781d0d,546,65,query
fc1a361aa72c41208dcd1a8b2341063e,606,77,query
9f98289beee54d73961ea3e3cc24b63e,606,68,query
2e1d93be3a294c36a31500b426441dd8,606,68,query
962f60dddeb447a88f75386e6d4cd759,606,77,query
fe5fbf83b3ca4ca987eb41dee78052ee,1015,89,query
501876df7ac94a31b49078596f69678c,1015,89,query
bfc4d31c510b4348807ddc4c96f96593,1015,90,query
1063bb0df5794c8f8e774c6f8c5f35ac,1015,90,query
9239e7c4eaf6425b8d826eb2472675b5,492,92,query
9050d6952f6d4161a35aebeddf3f56ff,492,63,query
d6f8e92561884e928092d9c4b33003b5,492,63,query
98bd5d64aacf45f08d21772e883840ec,492,92,query
b2b1badbcf724eedb108095774c02365,1381,13,query
37860d06901e45ad8c0345a019aff709,1381,50,query
059162c742504c679214bcd7f186afcb,1381,73,query
67bae3d4670640628d6a35947b45b099,1381,68,query
f58f5243986b48c3bb7518935fdc76c2,1381,73,query
2a0a39101a7b49389ea27c2bca5f14eb,706,19,query
d671b2e8b28b4add95b031e64ad7ee6d,706,19,query
831fe0568c854a8eacfdfef22f965b11,706,6,query
cbe440c6c4b04cb7be24eeac6db86e66,720,6,query
077940d35d614f409471bf3f4d4de33b,720,19,query
4a2ad83b394f4daca7b51f320510c3eb,720,33,query
79265a38691d4765bf55a6cd75155e6e,720,33,query
fb1d1e7f769348818deba78fe9e9eae0,720,19,query
a1917badad4a49ef84e4ca054dab34c4,293,90,query
b8d3b53dcf7e41efbc8afdc1be64b9e0,293,89,query
369555b4946c4dae8567dd4c1e14ec3a,293,90,query
68a5545c9b3c4e0fbc04a5375c03b5fe,293,89,query
b2de1269037b42e0ae47b2e1e69d7365,1053,7,query
8b7adab8b8b54735bf20a3a477ba7be8,1053,84,query
b7fde089f17a48548c982909a68cafb4,1274,68,query
85fe4a3d602c44369b15354e427d695d,1274,66,query
35cdad39c3a74a4eb5a46a8601dff904,1274,11,query
81fcaa0e90a4408b85f961a1fd66a3b7,1274,66,query
409dd7af66964398aae80bfe1eec4992,1274,66,query
46e9141d2f82455897a5a44a3aa90cf2,1274,68,query
efecc6b83cce41228b3aeed873a927ab,391,53,query
a688894d2e894e3a9beb66db8cd62214,391,53,query
06f295ef04be44d5bfe7f253b9857927,391,21,query
b4a07e66955d44148f0610ddb5c7757e,391,21,query
88882cc5930841bab9731a2da9c33f8a,943,33,query
6cecf9c70cb549529f3c46b3e7489a1e,943,33,query
846ab3b9ccbb493dacb72c748c30f805,943,6,query
5e91cdf1bf804e05bccdf85b90a62d25,943,60,query
9925854d2e48431381ca66f36b4ce0e3,943,60,query
3b32f71726a74256a8bc1dc944979df8,943,33,query
0b6d9e8a05e44b889f1b553ec074bc11,1515,0,query
6f137762935b441cb130c15ddab26f83,1515,89,query
051f1b9d962747d2909fdc44a893e9ff,1515,89,query
2d1e418d605a4558b094757c4580ad26,1515,63,query
a0344a4460b64886af4a6db0a17d6ef0,1515,63,query
486a24bd703949c283644ece1b0bf758,1515,0,query
a39cfa2e577248ed88bd4a5bc355890e,29,39,query
002418170b9a44eeab6eb805f42ebb7f,29,85,query
478618bcd6b941198990ef85bfccf2ca,29,26,query
fc82f9f2922548b0873b57919a8dace1,29,26,query
ba5c46d476744f82856a49978969df1d,29,39,query
39c9b8173784499486cd9a36d0e6b05a,1358,33,query
55fc517d51644e50b3f298ab3527e934,1358,33,query
4a9cf37cddc6454282f07ad7636f2245,1358,57,query
44a01d24afef4d258cc6a6adf7b632cd,1358,57,query
80145085568d4f51b9fb4f209ba596a9,1358,33,query
f1376f6a18f34042a4fee498e75ff5cf,1358,74,query
0af6eaee9275457f8868b80707c59f29,592,63,query
59e34b4cf345435baed6431c9dc0ee0c,592,42,query
214b3eb0aef741b08a61779a44ea35e8,592,42,query
58a4ef54c36f4b63ba8018da4b6d2dd6,592,63,query
6626aba30ff24b838a52d54b1ab416ac,1036,40,query
69a88466629d44ecbdd180f7bea15943,1036,40,query
8248e1fc56174124a1e956718c5e8cbe,1010,89,query
260f5b7d316d40ab921bb218760bbcdd,1010,90,query
313977778462437e9be84f55192c4b3c,1010,90,query
8f8b75e177dd4ae4976761d58080ba63,1010,89,query
19446b9c559649349ac99d0ec6082a53,386,64,query
83d26d4ef98f40da80bc50b19531f3dc,386,90,query
6cfc225dfeab49a297f46b1d4594f546,386,90,query
19a5e93b3cd14045be78fcdd694cc68b,386,64,query
6082332dc0c542b78f85205b3ea8c9dd,386,64,query
890be01fcf3e4636af1cd277fd6e09ee,386,89,query
4e1112b34b4f4530a642412e7941496d,42,89,query
cd517b4a4fc34c8e8f89821e79247243,42,89,query
f5aff930a69c4f7a9c6e259865ea7f28,42,90,query
e244d59d3687472b8a3ca9c482c96a51,328,92,query
1b1b411c6ecb4a08bd7c2bcf0ab4c17c,328,92,query
08c692c87e6f4ebeade36d9c66673db0,328,86,query
ca87b93a486e4c72af436861927ff6dc,328,86,query
abc26a23a9894ed0b34b28f161958470,1111,89,query
0894468af2bd4951aca015d4899733d2,1111,90,query
f167f07c1df24ef78e22229824b490af,1111,89,query
a38a9ce82a554e4685764d4f39ecb5a1,927,90,query
88420cfc9c284ff6ad6e04f04d5cb516,927,43,query
c77f5263ef81462290a5305d030a298d,927,90,query
96ccb70f01bc479bb1dd977d52ee53d2,443,6,query
c98b04bfc514497ca011f2466c9eb08b,443,33,query
e8c34fbf97c044be9005717ba24d8469,443,33,query
98ae7825de794c0291b25afee9a5335b,936,81,query
b73ed27e012c4d99a1081bdac38e353d,936,62,query
47d846fbdb93475e9eecef333fd3ff64,936,81,query
1e3c77b2720e4446a73bec90bfff3d30,936,54,query
6f0eb4f4a4d649b98f5e1ec1b5c460b9,936,62,query
64017d118a8a40d4818bdfc29999fe8e,936,81,query
f7a3dc7d41dd49d184651ed7ea38a449,37,81,query
a1e4b335a3bf4086a40b804cfedea77d,37,16,query
13bb0a4a4ae7430c8bfa0f6ce6b0c7ad,37,59,query
5b7f83d8b1c746a995c8d70f2c2b7ba5,37,81,query
22188811272941f0999e3f7dc13cec94,37,59,query
6899520ef2d94317b30b3813f161523a,805,85,query
03fa015d35ac4840ad8b1620f684d3fa,805,20,query
18a5c37c6590434db1291e35cb9fb000,805,85,query
c6fc4278e5fb47118df2f952ac517f0b,805,20,query
5ef9741867d6437bad5d525ba3105e89,1520,90,query
a01e5fa4daf64f188c3f8cb2832efef8,1520,19,query
23b465e68ad543cdb8adfb9ad4b88a34,1520,6,query
6d310939d98947a3bd1019c12c60ccff,1520,90,query
94644eac928a4450b087eb7086d9c416,1520,19,query
5f6646924692441f89e4ffbf6b313311,800,36,query
5d0cf7ad0e7041b29a73ec7fba672608,800,72,query
1035ffd74ee6409aa34f9e2fe515ca2c,800,19,query
a9d4cf41d0d04118b29824cd994c710a,800,92,query
7335d65dd777433485187f345ff05c3f,800,19,query
fa531f73a4804ee6b1cbabe0d266d68f,819,94,query
d53fec58850f4e0582e6c930ec9d790e,819,81,query
1eb1a9d8afbd4795974b8fd03c36aa4c,819,26,query
6a87e54e5b0e4d12a2be8554507b2be5,819,94,query
7a0ffba6ae9d439abc10092529ab452e,819,81,query
d5096a50643a42d390acedbea1e059bb,819,26,query
531cddd94b4d476e978d15f705520709,1240,52,query
e4ef7c91a42e41ef9b5465ae465471d2,1240,52,query
6710b862f1db44d5bf5b3cdc37365c90,1240,67,query
a524b8f9b5ff4a15adcc0cd2cba3bff1,1240,90,query
0b4502bd6ee04cfcb651e4b790369c01,1240,67,query
680cdc2ed3dd4f739c663272936e47e4,1240,67,query
bfeb206f6bec4b14930cad09bbf2645f,161,90,query
c2b3d726594b4dab92cb53db70713e9e,161,89,query
8193d42b088b42e4a53a972478c6a49f,161,89,query
44fe4096dcc444a4bdd05238e9c09f90,684,42,query
b6e086b28f3b4cc584d93b78d9dd6ad3,684,59,query
da6ce1c0b2164be580adc8e8f2d4e34f,684,42,query
3a717ef240b14631821f8cee194b9d77,684,59,query
1414559b7a234f28b57db4d13f445c93,1007,40,query
6870f49c139c4d49b976300911a577d1,1007,40,query
5093b5d5bacf407ea9219fe375ee60b4,1522,36,query
4b5b3e4291184339adf6c5b4ecb6281f,1522,45,query
5ce7e15b3d254cb8945f9a9a03229f41,1522,36,query
758f1139f2ed4841a3df943f5a70d6b2,1522,1,query
5a880cc95d054236b6cd31c731d5b4ed,1522,1,query
e0f977b79df64e459fa8d3a0dc675acc,1522,45,query
999bf6ba57364768ad89234a39524873,732,89,query
f0188d6311604f44856e04b9fdd55f2f,732,90,query
af1cc6d067554863a3df5c738886414b,732,90,query
a70dd5a7748d4c07a8e325d5b04f36b7,732,89,query
3f8d534b786744aeac2a90565931c4b0,799,40,query
ebf016562f9a4c55984e1e70e3dc1c24,799,81,query
8773f485149b498390b156b2fe875dec,799,40,query
d1d9404ab1b844ef8942607dbea9c73e,938,7,query
3f054ce65bea420d8777914cbd1b3d21,938,87,query
efc9f3b3b90b47aa81883123fa24264d,938,7,query
8319b90f19c74770b3bb3411a4d427ff,1322,82,query
61f01969a86f4dc28382a5b2925978bb,1322,82,query
080d4b06781143559eacfc0089357a43,1322,11,query
baf00e38e5704400af2410a96741afdd,1322,11,query
cc244c4d72d946f3ac5a25e3fef14316,62,43,query
0afed9f8a2574c048df6c678d144fe1e,62,51,query
bb377fecace14a7d9b6758be5581b22e,62,51,query
382249ce2e6e4b3f8959b13e1916e03f,62,1,query
097f48b572d4421ea784e6030609d59a,62,43,query
7bc8bb78ab924a10acc78db4952a773f,659,18,query
df3b2a1623b140819eda66ca6cc33fc8,659,33,query
75ce6b2fc517479d8e796a08f7572928,659,6,query
e102af8107ed4b3b935b2f273943f902,659,6,query
afe4a587b8254ca7aeec75a82018a761,659,18,query
8e2dc12e8cd749088aa650dee13968d5,659,18,query
fb4a798e1dbe49809b9caac415e13f78,731,77,query
279d07111f0b4dc8a125d4cd65f36acc,731,68,query
2b69d562ca4d4e2f84ef5ea00fa96e3f,731,77,query
d28dcdb66adc48f196b827406776aebd,290,68,query
88a38730b10b4cce867a4500e6284160,290,68,query
3ce718aa62404794b8877b3c894945e6,290,17,query
8237cbb3b7f74544baaca8ee33c626f7,290,25,query
4c08377d8c98426791c7b3bbebe7b3ad,290,25,query
c004dae2c35d4cc8bb12749c86f337bf,290,68,query
4c3b1c5033d847c38be1910ae6bfb508,1480,83,query
d323be5433bf4fc0875e343a42735dd0,1480,83,query
758db92e60c64bd4bb4292f38dc27e8f,1480,15,query
6d135bb4cdf54106b9986aaf52791003,1095,90,query
0a7f35ded3fb4b27b2934a072caacd13,1095,90,query
1194e05ccd15414bae793d4e88bc95bd,1095,89,query
c99e98d5cf884990bcd5e997cbd8f161,1095,89,query
3332c442ac2d479fbbc7883bf7230bfd,911,50,query
8a70708e717e43419de06ae41457435a,911,50,query
b302d6b3505e4297b6964e269c5b2fa2,911,17,query
5922315407044b37a3351c2d160d664f,911,17,query
c6ca53c3d4e34fd2a616c16c1ef1b182,1247,2,query
3b256772905d497bbfd8c729c2d37120,1247,5,query
bed218a9271c41b3b045da7c0b859f3a,1247,5,query
145f112aff1c4cd1948b0f704dd0f5ca,1247,2,query
665d6ff8183c406d850d690dbcdbac20,171,37,query
35180a4e2d8f4e38b4da76e4f3bdfd3f,171,86,query
ca6374c8598046dbb2b50a08b573f76a,171,86,query
20c8b2e7a4a14255b44a9f633e0f4d4e,171,37,query
94ade94f373d4c468db1e7fe53febd69,653,90,query
3f773877af9b490188f2dfec21566b84,653,90,query
c872abb4f8784dd49c59eb52dc838415,653,90,query
7b78437df6564a3088887ebb327adc63,653,43,query
a0a34498649e4b3895cf4d3d82615338,653,89,query
80933352e3464347bd52add8dffa1334,1313,95,query
2d6f0957136948f2be711e399cba9c37,1313,10,query
11fed595edd040eb97ba1a57b39e9143,1313,95,query
e9d64e9e9b19498c93aaf7ca5146eeb8,1313,10,query
46fb0c66d0e44624a206dfb8d088b019,1337,86,query
3352071b6e224a80abfaa375deeb33bf,1337,86,query
5fa73ce98c48415bbdd0dcd58a6439be,1337,31,query
e071d9d5d14040e39f169af69fbf96d7,1337,31,query
3cbffed1f6bd46029b75810445118fab,1439,51,query
4959f99d36e2467eb9c74fe23f63ad4c,1439,21,query
661b53d4995743928c127df8e59e4839,1439,51,query
ffe38d51860348059d9b6aa45231be63,1439,12,query
efc66302c48746d9a682671cd7608cb0,1439,12,query
ef6d4141db724a0a94237d71ea344c84,1439,21,query
f394dca9df474839ade390713b4e1640,695,51,query
16ef6deca45d4956a1596c6795d69956,695,51,query
04b7af21ca364a6a8906da1ce4af0c83,695,24,query
102587885b394ff1b73d9af9a6d9254d,695,24,query
ea76fda2b67243a7b8ad566fde232ab0,695,57,query
cb05cb6476f745508fa414d46e0d62e1,695,57,query
b39d85bddf604c12b268782156ce5bd4,542,20,query
fd06a451dcb54909ad765293d6022702,542,6,query
5b80d56e5f30465abf4ec4a8d07b14e7,542,6,query
4edb9c429d2445d5a95b8b9f57fb27bb,542,82,query
18afd4fc628f460a9687f3a82112edf6,542,6,query
dd0c0948ee614a098b3fad361d94da79,542,82,query
d7d086bf5a64425c8c4130941f3b4b9c,612,48,query
ef0f2b22b8e34fa58d556bb92f061a64,612,31,query
91196b335ef24259bf6b69dbcb1cf081,612,22,query
b8997171e2144beaafaef87681455909,612,22,query
db57a01e26134988a3e57469b285ee55,612,22,query
dceeba277d274b5f899730ec90450cb2,612,31,query
65b24ba1f81b431ebd2197a398bb7406,1205,90,query
a9feaed44012435a87ffe826191d99ae,1205,89,query
b96f4a50de4348aab68fc164865bb436,1205,89,query
264aa75b055c45798ca8f3160673b7ee,491,24,query
0fd52e6d716e49bcbd2581997c1c67f6,491,24,query
bde8f1f50cc9494cbfa256cfe7f9b55b,1125,90,query
184a8ef48b2745c4b36b4f7860da9edb,1125,90,query
b5850fb5e6fd4871a2a532962d9dcef6,1125,43,query
dbf8f8be344b4fe3b13ea09320b8e580,1125,43,query
8b330ec00ba74aaeb69f6fbf54c3d483,1375,17,query
36d84b038c414789be5c538ae84ed53a,1375,17,query
039cbf619f5e48d2a42aee27984db52e,1375,29,query
c079c0b787f7429d8d02ab9b46818c86,205,20,query
698b90bcd2e9467fbf57b7103ea9e710,205,11,query
d54a5c5b29874f8ba5d00a2d8dd01002,205,11,query
29226864e56044c8ace4747094a3e28c,517,74,query
0b2cd2ef60bd42f2926922d44908e954,517,33,query
613527a36656490e9cd8b5402a7526cd,517,33,query
5515bdb5158c48168ee1fb5b9db75c77,915,63,query
1ffb6f0948f9470da02566f9e44c4778,915,55,query
ef55d68874594b1cac8913593e89052a,915,59,query
853079fa649e4b05b18b9e4108bba09b,915,63,query
7424f0d428744d83bb72de3f92e2e14a,915,59,query
e4eb0a8f45e04929a2774dbfb84e1296,915,55,query
c7686151620345a7981d5ab0546e3bee,607,82,query
2de1e491bc4f4e728601d887d22108fb,607,82,query
1863109a9bf94efa89324c4f3bb22aa7,929,0,query
20df4c2c09dd431a952313ab01c415ee,929,17,query
bb4b75e8180847979f64f6706b20cfe2,929,0,query
0b332766c60d4613afaf13720f54b1f7,764,71,query
f7b63c3a89aa4ea9b8ba6b24383d5389,764,36,query
63a770bcfe3248e88e08e2368fd2e37b,764,71,query
6c02ec9bd16a4bc0a884d51622e5a496,764,11,query
946112b62a4741b6a96ad68f31768be8,764,71,query
efb256892bd342bdb8e49c7e47fdddb8,764,42,query
c76b30757dc84b72b63d5bda341e45f0,977,90,query
8aa48fe707fa404e9d921a9b2c0472d7,977,90,query
cda91988566f4860a294435245681324,977,43,query
bbbd2877ec35468689b5fee3585333e7,977,43,query
a32ba6154da64b459eb146cae42193e4,4,15,query
f2bf07d8f391428d838f881512c11c59,4,15,query
bf0c7ca1feff40aa9f907fc039622af5,4,1,query
b0848d15aa504999aad8f3342df7a4c3,4,1,query
4e797cca47b74afdbf2a909b3e6af571,949,59,query
d3ee77865a3f4eec947bc39999e48822,949,92,query
59d608d88b634a03ad5380986e29c0cf,1413,33,query
18ba3f29ac314a92a36628e6f5f9ae2d,1413,61,query
e123c60f52ec4c5bb9d93ec33db5ec19,1413,61,query
478fc1346ca249ccacc620e431f8763a,995,63,query
4ffeef0e01764ff2bab595851ff86ae5,995,64,query
c791a4b1054f44ca9243dd66c9eabc5f,995,63,query
2c6fcd6400774022abe11abd97452029,995,64,query
07190cc823e54284abc6b63db547c47c,157,90,query
804db47b5e7f42669ad2710142a8e234,157,89,query
e994052831f345dd9e9b57a571ce2709,157,90,query
cc1945c218ee4a3c833a4479b1961c2f,1393,46,query
675374e75be84d1aa73c3930966454fb,1393,51,query
001b9e0a069f4d99997864a9b4d54c21,1393,32,query
6faae60abd4c4d27841d6dc16af81aaf,1393,61,query
794579688cf6454b8fadd468f309f6df,1393,71,query
8f3c44c2b4924afb8ed85241f068ab27,1393,67,query
a0ab59619ada46489cf96e8ea947d758,233,90,query
903b0b61761c4126a05879ea0a183139,233,89,query
8cdbdd448f3a4772a011f05bd419b443,233,89,query
71c3e53927ae41f3953bf98f5463e00c,15,35,query
fd4f8ff021ff419897e11ef81e1befa5,15,55,query
3e09196b092d449c95ec9a74859d81e6,15,35,query
697c1cc2f1eb4885aafb19378901c6c5,15,35,query
0bc55ef11dd74cb486d17b8cdb966601,15,55,query
711d8e0994664c9ab915a122e381f791,650,90,query
2d7ebe86d90a495d855e2661d80b4e80,650,89,query
1e6693fbf2d745d79ff6bb623f6f316d,650,90,query
e51e2489b59948ff8ada2da473f2fc3a,650,89,query
7f4fe0f72c6b405d8aa268a3d212128c,1353,63,query
2f9fe43109364a919e584bdff2b7bb3c,1353,69,query
ed9efad4fa0e4c4bbf066c3c31394191,1353,69,query
0e4bb33ef68b4570afba223919c5e84f,1353,63,query
86b2edf9aa664c84a8b466fbbf3c2fbc,1222,78,query
61a0747aab2c48efbda90478357edde7,1222,27,query
cb242ec355eb4827a903ac24248da099,1222,27,query
89dacd2cb0be4b2fb92816093d1f03f2,1222,78,query
798395e7db2d4eecaef4610acf8c3a62,1080,69,query
4909862ce4e747389e0411f6b142f560,1080,91,query
353cc66a166346be9b6d1f3f17024b05,1080,91,query
b38404400c9b4a8090b7975455b756cd,1080,95,query
809f43c9b407495b84b8d20171bedd73,1080,95,query
b29b574076e14ea391d752d7c35f8459,108,57,query
ea590442a5bd4f959b26d08ee9e17cd8,108,36,query
8c8c932f2a034948a1a6931f9aaf6377,108,85,query
b99f81d9a2124d0495335e19b01144e3,108,85,query
5769521690f54159bbc8d4cd089ba876,108,85,query
6a6d873aab404acbaeb2fabef64cbe59,108,57,query
e53edc4447474d9f9f2a6d6fa009088d,880,21,query
150f21a0b262479e921af566e5c99d2f,880,91,query
311a5ade6ec44b019710c6032ca7fe5d,880,21,query
19e5276f741c468f90b43f7d0e9536f8,880,91,query
635734b5caa94da28e3ce66a5baf9904,880,24,query
e2439c4e0526421498036aa05024a4ad,880,21,query
1f5f34b541694b66b9eeacffa607c5a0,682,24,query
2fc7eb56d40c4727805c3a99713d8fc3,682,61,query
2668ae2c45f143c994414d7bee2c69e7,682,24,query
f5f29d0beb8c4657816bdefe6d364366,682,61,query
6b2aa378d6074e82ab35cd6c1e7148ab,67,19,query
6c78bc024a4f48939f346c67f8253b62,67,6,query
505e86e3b0f64d4f9150e6d4123b5035,67,19,query
19472f835fa747dc9c352cefcd8c8df3,67,6,query
b10cd4a86da946d490ee5968bc755b55,16,23,query
7c513fb9cf804731ae081d51cd493486,16,76,query
09cea991940e4b0f899f0b5474dec92c,16,76,query
900cd9a9acac4995a445f72987b374df,1136,90,query
d39d1f38b5f740c6802a529814d77923,1136,90,query
29aac2c6e4eb47fe99d4a5a26e1cdb87,1136,89,query
770d98e9eadd458896684fd85b48d321,1136,89,query
67b6ba36a5ff45ce8659394d052e03e2,1255,89,query
1f8315d481ce4bef93952e0a04520ecb,1255,89,query
a65bdbff54ad499e8dd2274c33767ed4,1255,90,query
c2ae18e96cf6445d9554e177ee55461e,1255,90,query
f927a951aab74279a560e6dd8b9b349d,378,90,query
50e704d3f5e148deb202cb2d498be590,378,89,query
ed722c11020a443c8cde90f49f0e4fed,378,90,query
884f478b23904b8fa4a3de3fa5742272,378,12,query
d31c07b8b9e646d7ab5c45a952d4b55e,378,90,query
3350a4de34254974aa75146dc0eebfa4,378,89,query
0ef020e72d2e4d068cbb73a8881b7408,121,67,query
7f0b3a6658a34783925768b24e79521c,121,67,query
7010671428dc4cdda362c8233ab209fd,121,56,query
b7e300a29e5b4f35b9604f4231b83a26,121,1,query
cc6f263f68da4bae86d571d7ef4580c3,121,1,query
b0a6bd2b5db14553a498e51516552b5b,121,56,query
881bf46c584b4b6db875905901c99790,1433,90,query
2b13209604e34246a66d16a9b2efce9a,1433,89,query
2f8bf6c15b11426ba7ff77641e897e9a,1433,90,query
b7b2a7a1f6fa488c9d25939a09a01c99,1433,89,query
465ec7faefa54b64bcc7e3204c5cb4c3,705,20,query
d034e56f6ab24765a25f88d4642d420e,705,82,query
ae6bc813bb784c949cf25f3c324c37d3,705,20,query
bc45a47e13bf47a992085c43661cd217,705,82,query
9b95dc7a2640446381e2bb39211bf3d0,705,82,query
a3dbb597ea7449658bb201595ed344cd,705,85,query
8be3d29f95db42b5a356fc86de1e10dd,1106,89,query
821b128646ce4a31b52d118264f9a27e,1106,49,query
dd666655170e444c9c9f7bf421cebe41,1106,49,query
11982fdfdf604ba6adb9c1839ac96562,1106,90,query
c58bd8cbd0fe432187051d76d3e19b37,1106,90,query
37f397cb0802494abfc80f0fcdce1e93,1106,90,query
9d7f20b9daf745cd92184564fa557b11,1078,11,query
bea5873dc4f641ebaa12cf3d7aed3c16,1078,11,query
f6c3a2f35d0d4eada07bed5d5be578c3,1078,33,query
7f34c3c7f0164ab882c3093ff20c5b8b,1078,33,query
37e45ebeb8f548c1890c6c0646af89ba,1078,11,query
f10668126b31410f8d554e50e2daf778,857,89,query
0a6b0b6417754d2e9fd7fe30b19d0cf4,857,89,query
64395ea6cd34429c9c86a1409789eb0e,1355,80,query
c9dc6dc141134511af306e296ed91893,1355,59,query
5f75e82c2fd24c14a9e3e666f49e73e1,1355,80,query
46db4940540c423b9a6c3178a23019ed,1355,59,query
1df655160bce48ec96909eb1b2de560b,1204,43,query
6eddd7c5f67d45e2bed3d9cf25ba2793,1204,90,query
e9f66f92006248b486e7e75bd714a05d,1204,90,query
e2c359e3467e466bba59de357c5054a6,1204,43,query
a28183c5036f47f0a3749d293e56da5e,820,89,query
539a165eebd24a148e7f91a4768d4e04,820,90,query
530560f46b8f496fa1a411774f31c4c3,820,90,query
7b7bf78a2ada49ca9bde185da9104dab,820,89,query
3a8cb05a406241d7abfbac70bd06bbb1,1221,43,query
41b1122ac725411f94ec7b150bd59f1b,1221,89,query
16de4790cf1f4315ad4abb8152e1af29,1221,43,query
7bdfb12e24cf4df6ad18d50695be489f,1176,36,query
a7f917475761408cbd4e3bf06f221b85,1176,74,query
17c41f0277cf40a2946e68246b8b8512,1176,74,query
cd21bed727284513accd546eb09528e6,991,18,query
575571341a404f65a9460655acf96d09,991,59,query
a194bdec09424595b9dfd64600bae950,991,29,query
25c7c6e3aab24734b958a12b7693807a,991,59,query
0ee751f5106747009c997a46919f2367,991,18,query
c61e1e592570487088074cef60fbc753,1371,35,query
78a628d099b8413eb30babae542a6bbe,1371,56,query
473212fb140a4e38ae84255e4b18746a,1371,35,query
66445f56f77d4b21a8fd08d3bc1d5479,1371,56,query
78efb7a78ad74411bc3aaba5c02ccae4,178,43,query
6c3241a9206b4bbeac3f7a5341575f03,178,90,query
a17c189cf4974bb1ae98a8adafdacd82,178,43,query
7cc436b52a454cca8ac75241316d845e,178,90,query
de4b3dfc3b0242928086e98f412ec72a,178,89,query
732c815b630f4bb2bbcf27558e153362,178,43,query
40f647824fdf4d63a0e99771bc6104bf,334,50,query
b356bdc288d949b4986869798d2e104d,334,5,query
2a08e74ace18489c9434a4302ce03cc9,334,5,query
d6a515f2018b4c6fb7688a78d398a11e,334,73,query
5d3353ebf4a14446816af81439de0bff,334,50,query
08e472d1664740bb94f37d46a6a1f530,334,5,query
faa4f69ff2f1438e9fcc550d3222d903,220,62,query
5793ce6ab0164247baadb10841b4dae6,220,63,query
df6be9849f6c43998d269a25c2547671,220,63,query
c1706dc4fcbd4b5d9a16d3668fe7a3b8,220,62,query
9bde89a5ca5442a1b43beb59d3cce83a,220,63,query
202bd0a71e33436ea770f2daad51cf50,220,51,query
ab9d4bef7cd140e19166b00cdd7d436c,1076,7,query
e097073411cc4f74a70c01214252fde0,1076,7,query
546f9c8efe3f4394a0edb1826972e47e,1076,86,query
ff64e87ea19c402f97068feff6e7cd03,1076,86,query
13b0a55d954e4294a43eee799a4caa7c,1370,89,query
80ee4304f59f44a9bb88bb46f373c8a1,1370,90,query
b0619920a1bb4ca5a43eaa3fd6bd8e3f,1370,89,query
63c8544837604f818356f26d1f994945,1370,90,query
2d807a07106d4da8a7748653d8c03eeb,828,32,query
830fb85ba18b4fb3a74d09884ba6b0b5,828,56,query
888a0f4d19ae43c280df3f34ffae91ff,828,56,query
f50b979a8dc74d17824afb635a59bb24,828,32,query
5aaf48f78d5744b9b1b29f3eba7decf4,603,71,query
b2ed4bf52d3c4ae9b3a273cd95fefffb,603,59,query
8407ccb6229b4358aa241b2c2a2e9f73,603,71,query
d044ece4e13d46cdabde47c19adf6b60,603,59,query
8ec8aa435acd4a0e82e997a88ec9d851,1193,40,query
941ed37602714e5e81896af1166158a9,1193,63,query
660b9a2e8a2444b0a2e5457eebab7984,1193,40,query
d81417781445466088bba3658692e785,1193,63,query
07e86d0699d14399a54a7509442474b3,917,19,query
3c482bd54ff64cf58f14610520bd0b6a,917,6,query
b510497f1ee54d40b3e0cf82da298956,316,89,query
bc57b6af24de4478868b3caceb8a34d5,316,43,query
69a43c52a55a47a499a9f04a53be0e89,316,89,query
9e13860ffbad46e1ad368d03bcf57a67,316,43,query
27572086c59b4a88ac0c2b001854afcc,951,19,query
e77af916f7e5413ab0698fe14e97780a,951,89,query
8879b2e4aac44614b09353690cbce5e2,951,6,query
c9bf8ba5519942f2af242d9f1e301ac1,951,89,query
0ef9a67d828b4715bfdf02730bea7465,951,63,query
79ac7c82230e4762a4b000bfa6c8b6e1,951,89,query
4fd67a6d6bfb42deb249467ae81bc6e2,941,89,query
8ee3f0e97a1441b5a4ee1420489547d4,941,89,query
52bc40ec974d44a6b0833137ad324395,941,90,query
3729c2bffabd481eb532fb68f6b572bc,941,90,query
d2ef91c239b642da91bd037587ad2084,281,1,query
64e3ec9a117f49c2b212bb2b521a37d8,281,1,query
403553bb125847319001d50cf55e3824,1212,89,query
0380d44a9aa44f9a9bfa8b50764adf32,1212,90,query
919f3f096eb545b18b78bb798cbc9817,1212,89,query
b686c96d98664731843463579db08f02,1212,90,query
b559d94254e74be59487d003549a889f,1147,90,query
21fa6fcf1ffd454894d65c2afc9997d6,1147,43,query
f5f35d50a9ae4cdca53b1d0c130f9acf,1147,90,query
458f6f4d7e8c40b5b56eacbb5f7c0ede,1147,43,query
90a266844d1b4666abbfb0662492a883,885,6,query
d287152b34384fc7a84c8096023a6b60,885,33,query
511c64e363414eae8834d419e4cf9a61,885,92,query
405cfbcdbdfc4f90a27fd96c1a0ab3d0,885,33,query
e12b9f9b0a5d4ad3a173f78e2afe7965,885,6,query
f739ef90ed234a8e959107e5e57c2014,885,92,query
b67042ce44204e3fb62a9960d4bbfe82,288,41,query
2224d1d297f8401ca65824ab7546ba32,288,26,query
d2e1b2dd46714f7984c666a9b16169ee,288,26,query
8b16df2d0b654270b5eeade7f864533a,288,41,query
36e31ce5b020420bb0311a1906df52bd,1493,94,query
c3ad0e2ea18241c7825068a3bab742d2,1493,54,query
282c6df4bb234fa5a4fc718a301752d0,1493,53,query
b8580436aaa34a498c25b638d76af696,1070,11,query
b1ca0b4683174baaa3749b1a89aec14b,1070,58,query
369ba19e3db84f8aa3605854deb94989,1424,36,query
44684dc1cb0041a69174fe146f687400,1424,69,query
16b0000c8b0440ff91cd5f9dd0e1cfc6,1424,36,query
fb1b2289596a4ed5874aa8661efb9e0f,1424,69,query
b500a9ee240e437aa57a2cfd7ea58349,1424,90,query
4c63af944db0494393d6cb2d5f7fbc9f,1424,90,query
3e9e31f9483f4a5c871712af222ffcbd,172,19,query
ae53b5dbdf7a43e396dba2015c194bf0,172,6,query
db535fd2287940cc8acc261844a310b9,172,6,query
6cfe6f1c49aa4773b378276e7bda4614,172,19,query
2dba212ac07a4faab9ae389c4a8dde89,1081,85,query
5c3132a223724be7b72e7bf60f7b6be4,1081,85,query
39d38742e089445fa54f8b60f56c2a6c,1000,90,query
6989821a0e00446f823b508b915325cd,1000,56,query
78c53f11ef3040a4ab4d9879c898b6b8,1000,71,query
dd3a9a15a8af484b989cb4e0969685fc,1000,56,query
f92108243b514ea69157abf2fa030295,1000,90,query
4682916c775448228e5a8b6fa9e19c7e,1000,71,query
ac793982fd9c470eab6071f5d2d1c505,1242,89,query
72a3b20f48bd4353b9b88dc3fd78eb86,1242,90,query
ccd4618ee0f44ce08f39b8d7f92a9afe,1242,90,query
b5bd429346af4b1a85f51f4a18536d8b,1242,89,query
15e7870bd7954596a3d0773daf6207fa,1491,90,query
039925ae3d3c4315adf677dbec046e27,1491,90,query
2b530de7f9b645afa2866a4031effaea,1491,89,query
39145f21ad10420794d3b0bbee820d94,1491,89,query
f848a0366e834eed924850afa565ca4b,305,94,query
89bc69f850fd4a06b6bcdb4cec53de8a,305,32,query
4b762d66cba2402e8d0d6a4450399e26,305,32,query
c5e251f7ea2c410891e47b4fdffa44bd,305,94,query
6025e9d55ca94b5daaff6f3bcba7bc40,55,90,query
fc7cf4d3f8af4cf1882839f079613a1c,55,89,query
81d3ad66a1eb4849925dad550e78a3b9,55,89,query
21b6fb5a068a4b6c962c13715a451e12,142,12,query
2999ae8e23bc4019995583daf6b1df92,142,51,query
ac44320dadc1450bae2920c3dd3ca634,677,90,query
275af6ee8dc24c4eac42c102d1d76333,677,43,query
08e7101b453747dea5c0e15f29f3e14e,677,89,query
d82b04799e9b4a40b497907daf81f1a1,677,89,query
ab455a3d25914386806964238ba68fa3,677,90,query
5dea7a5e1f1e4b33b3779cb5986ed2bb,1134,92,query
50fc0eb6f00445958bb8f2b1a906775d,1134,82,query
c76087a11fb84c1f9fc939a8026a7c79,1134,78,query
22af3deec06e4b39848b43cddd8d59a0,1134,92,query
7f1ad4718355453cbb7a71215bd202c3,1134,78,query
bc2d0085b42d4be0ae5b9a640934a575,1134,82,query
482715ed41e944268307bd7b61de2ae5,1419,77,query
0fea1dd956c943839ddf494ba90a8c6e,1419,77,query
9f3054fb9762485eaf1ef8f8f86fafb5,1419,68,query
899a0201f83e42d1b8fda094c425ad2b,1419,68,query
e14f135f36e040fa8e50ccbfea7a3c57,814,90,query
40f266bddc234accb4a47073b015b051,814,43,query
ff8492859fed43cf8c525abe3bc7c08d,814,90,query
40d4834250d444099bd0b91a139b5841,814,43,query
d72eed3e84684c738b2a7da1c5f77001,1452,43,query
86001839a83b4b0eb257dc152d4cb95d,1452,90,query
0c76977492064e64913898f801019ce7,1452,90,query
c373b3eec0004909bf69eb72961b419f,1452,43,query
66d991e62d224810aa614351662aa0cd,801,85,query
f4b92c65377746aebc3e39a9d22ff9c8,801,85,query
d5c26b56f95447fcad9edfcbe24096ab,801,82,query
31d46b6ef6fd4860acc5026f7d11903a,801,82,query
4b88cfa27d344f0f97f6b45e717781aa,965,87,query
23ca959371484a9694a1d022dd71b7bf,965,7,query
56fd841efa844197a614a70b3784b7ae,965,7,query
b7076a0ddf424793801a20232c359594,965,87,query
cdc444bef8d348cab6532a989210015c,81,89,query
3211f7e3ac1f4367b7cda8a412277099,81,82,query
cfd821cd618447eb997059fa45cd6bd3,81,90,query
90c305267e864db88c7f3377cc396362,81,1,query
ba90b218790d42d79ba2bcdfdc096359,81,90,query
3622c3eea40e4a708e8ae41997bc6d81,81,82,query
a1831181ebca44eab48c0481943bfd2e,795,1,query
e50f5c812ac04b5f8c1adadce1d5ea0e,795,12,query
83334899878e44beb8a970730f53cbdd,795,65,query
6052f476da6946919a60ab23216976ba,795,1,query
402759d58d4646cabb1809f6767e7492,795,12,query
7fb05782d0f74fb0b975def837c615c6,884,27,query
575b5f094fec4a748f5ba2caabc3da94,884,27,query
77b2301f8fef444c94c5933b0bfe4cfd,884,27,query
4d4efa55e410415693ca468795bf37cb,884,40,query
6ad2fe679bb54beb9344c6d9bc2e7af2,884,62,query
a9827751f89d465ca64e3a3047e5cbee,884,62,query
b32269e22285467eab322103022bb952,1288,12,query
ecab1442b90f4933ac23e5917609195b,1288,12,query
33d0908c2b1a4e899bb38e8976ea7e71,1288,51,query
557b7059e5854c40afa4fad4e1645974,27,42,query
2e03da79945245f1b0a460ec42f3a3f1,27,42,query
14d1f8a02d124ea78c13caa3ea7b99a4,27,47,query
b280289d74eb446d85610fafda00100d,27,22,query
a647f4c5e474400cbc23819cef2219dd,1533,90,query
a56cb02d4cd44695af4140c6295cf019,1533,89,query
1624cb91f1934980873eab694467068e,1533,89,query
3dc94cec256c4ddf82a82d566bfb5149,1533,90,query
bd7ceb3f7e1241d18d395d83bdeb5357,1366,90,query
76c0501fff4b4025ac345013cc293e43,1366,89,query
f384129633da46b6b1c0b26d2aa19fac,1366,90,query
794fd63569e042799336b8cb3870faf2,1426,79,query
e41d2c9d21594adf95bf12ee920d4a97,1426,50,query
61d260752f724f50b8ac73645d821c3a,1426,79,query
0045292e8bc64765a3bc08fea8d1f484,1426,50,query
aecb6652edbf4e6993334fa9569f4f9f,1085,15,query
0bd44926440e44c987a41d563f27f410,1085,27,query
f5c5cb0079ff4a02a93976a45b2a912b,1085,15,query
d07ac6a6539c4ce9961b362d8b81103d,240,95,query
3d9cdb7975a74c5895f8aa27a248886e,240,95,query
0cd2c78c322d4ced824592eb813a449b,240,69,query
3b6a7993e4054d2db6a6f8b77a0be158,947,80,query
9bd900dec2884bcb849014f24319f3d5,947,30,query
bd24c511a8c746228102050aaf9a64cf,947,80,query
f97c620a067a4866bef12f7a928f7975,1216,77,query
9628d531bee242fd9e24473e60dc9488,1216,77,query
92449bccd7564698a10489aca6b22c14,1216,70,query
016ad872fd1f496492654255895d7521,1216,70,query
ca0182a914ea49bda33e0d03a14714bc,999,82,query
f600077cb9ff45038cc680533717187f,999,36,query
40ae0ca3f4b142099e85da70a6672203,999,82,query
d2f464a5341e4116bc758fd85a8cd532,999,36,query
7c18b55bc39a47a2b2eb6e21652bf64a,871,7,query
1edbe48e76014868b688e036a59dc705,871,7,query
48b4735ec06a4fc4b81dc1da28057e1c,871,92,query
2fffad955b064976bf83500bbd399e03,871,1,query
961b3d3d27734a3fb31f25964b951b79,871,92,query
a322b5621b5546518192ab48185b172e,871,1,query
58793f985a2940289be4a1896e99fc4d,1202,17,query
15a296ad3bdb4c4e936eeee0f5ea0f6e,1202,77,query
ea353f1a795040b1915ee6ed9b574630,1202,77,query
18c956e7cf474417bb0b1fb2be076bc9,360,63,query
1e07aa6a472e4db383caba260ed02294,360,63,query
b9441b2464d049769b746d9d6f0b6112,360,87,query
6829411e89c649729fb8ec3a353e73e0,360,87,query
c784f23aa7dc4eada81e1173c9aec281,128,79,query
e207286a97ae4d5aa8fd2b3f239c1b52,128,68,query
b455e18376a74a1cbdda2063d3473d29,128,79,query
d7103a140a8c43d0a24af987f5290ea1,128,70,query
149b3f296d8b452eaa8554087ca18e78,128,79,query
dbd9cd0d56814b379ee4dfa211e22217,128,68,query
b6075657406f404dbe8d0b7a32c5349b,596,92,query
5bdfcb0aa36e41f0ae889fabe02a0b5a,596,92,query
cd5199a7ce114c97b2aabab4c9ee9b65,298,51,query
a79eb9711fb94621825b9a89f95eb267,298,12,query
ccdab7d30c74459b840c0a54536673ca,298,12,query
f1059cb491e64c82a554848047953b6b,356,89,query
a846ad8e944545dcab062edc7897036e,356,90,query
d867e3489f3b4d76b94f70e09477c0cb,356,89,query
b8096425e77c41438e4141c0d492d4d5,356,90,query
80c92eba7afc4739b55d31c525613826,907,31,query
d79d4acc4ebd488f923524a0592469ac,907,21,query
31c0ae12d5eb4fa5b18fb2c25f8b7467,907,31,query
434f3d8d9aeb42d888d83ad261a6ed55,907,21,query
e85372df6bf64e6581307078b1b575ba,843,24,query
0b654d1eba14459885ad2ef24a95097d,843,12,query
869d770f13e542c797c3c1795268dac9,843,51,query
b608e839eea14e46b53b589e9d5348c4,843,51,query
220ae676ead04db29ec5402b885f31bb,843,12,query
0d4977c0ee5a4646bd8e12816e56905e,843,51,query
e936a8b6b51c461aa08415c6d4e55156,898,25,query
2f04d10dc8904ebcb333f05ea1e6e8b1,898,12,query
c6c811ae7df54e3e834ab43f4ff70989,898,25,query
74ef3e980b2f420daeeba840d92d2603,898,12,query
9e904bdf5dae4bfcb9b843506982a3b5,1409,33,query
a71bd836951d4ba9abc37c8e3ec4df28,1409,39,query
7ab9e7f0686945adaffc982cf82a2732,1409,39,query
fcc72ba8f63646ada1b555080a83ff22,1409,33,query
8f1e19f4439f4e08bd734579c4289bc8,547,51,query
d8c99adf7920417d912efacc4f020cac,547,12,query
5b1053dfaa3742b98dbeab9bcd95f774,547,12,query
57ca2cb100d9414fa3dd3666be870ab1,547,51,query
a5ec00f953094849b265060752946d5c,547,35,query
6393f82566974dd0b8aeff6acc4dda4e,567,33,query
7dc1c08b1aef4c5da100faeaf6de5527,567,6,query
c3dd45e54f6c484681f651fdcd008667,567,33,query
a491659dfa8241e8b5c9e78a519ea7b4,567,6,query
be779019f7e74fca9ba8b7ce56fda804,497,74,query
f3cf59fe5eb941698bb8ca9d41286c2d,497,86,query
41448cd6b7be46bda6ee8f7dbf2c77a7,497,27,query
7af50845b62942b7816aa6c3ad6fd5cf,497,83,query
8ae1d3af577a4dd3a382097481128fe5,497,81,query
79ad4053706f4092b0791564d7858927,497,74,query
76ceba7e386a4074bfbb8a453455d0fd,763,61,query
fbb5ad5f6f204ef5a15c7a0584d32c67,763,38,query
f257474fc6184f03b000d68f07419566,763,38,query
c45ecf715f0148c485b7616874d06769,763,28,query
7a72dce4598e4f33b3987b61764f7fcb,763,28,query
18910349742b43e6a8d58062f4218ef8,763,61,query
b883db0a148947fbaddeddcd6134278f,1281,89,query
e78d3346b54748959d1b949f5fb22575,1281,89,query
dfef730d7e704c20a7991ac62ada4e44,1281,90,query
f76c4b472b8f48cf875afda938d334d8,1281,90,query
59ab32b0841041eea203db6267d484aa,1172,69,query
41193ca607ff41c7b34e7385c0d0a267,1172,95,query
e1c0c9826bfd41f59c2ad6309e7c4fa0,1172,28,query
ac59aefffcfe4c0f933f7c7ff06cbfd3,1172,69,query
d55a2b4ed9a34aa6b4c85609730ab48f,1172,28,query
d96f84d1bd4941458f960e29ad303fb2,1172,95,query
34360b4dd3d645e484e4895ef6cfa1fa,554,94,query
f9865422f22b442a813ce2ee206067b4,554,94,query
a0c40885c1a84e129bfb1734e30ffab0,554,29,query
91412fc3fafc45068d9dae64ae31258c,554,88,query
344610da83d24727a0c7e270b8c85d9a,554,88,query
29f613bcacc84ab59f42e2f906a8ef56,101,85,query
e2f2d3d0380741bba24bc1d4c69a9f3c,101,82,query
ffa4b07ecb444d6c84de24e73b6be211,101,82,query
9a24fd234a1e426a8279e46af9b3a099,101,85,query
ca7acb9f99ee4e579231200524a68533,761,89,query
9276047f6c2e4820a3786fcb0bcf2249,761,89,query
7f6a29c0ab8c47fcafa8e19082ffdf71,711,36,query
fd8bdedbe875496f96bc99c47a298db9,711,17,query
5b0811a07afe42e5b0312d878b5cc294,711,37,query
96d32aa9eba544a688e2a68ebc0486a1,711,17,query
7a5636184ba94ac497d428409d540588,711,36,query
307a2d9e6eeb4ada8eacff663c8bfd22,452,89,query
8325a2f262ea4491ba2e0e4f487ded34,452,89,query
064fd322440e467abedd753861004ecb,452,90,query
bc09bcd1e9994b49afa6edd36f2c0fee,367,6,query
80f4289a890f4901afe2e4a213fdc233,367,33,query
161b6ae7eb75475f977338b6e967fd72,367,6,query
0d5f3d41fcac417c8da7afeccb0ce345,367,33,query
23a3882b834347da9ddd51a8346eeeef,445,12,query
2a84c863344448e6bb9a63bf2a03d653,445,51,query
afe4a434784347bc950635465d458ad4,445,12,query
50a3cd3c65a94edab938c058178fb839,445,51,query
3d64b88041c24290a95050c737999e4d,330,73,query
33c775ad393847f180aa715ac2d4c970,330,48,query
56b0fd4da91545038e7228e5fe3706f0,330,48,query
f15c0a764e054d5ebf103925ce5f13ec,330,73,query
dd328fe41dc94bdd87967d254e3ced51,63,85,gallery
34ce7989a4c440a882c40fa7891ce9d4,63,82,gallery
46c988eefbac489a80cbe8975086e6c3,928,89,gallery
05d9ddb9799143b49b6650a4a0b66cdb,928,90,gallery
03ae843cdda948f2bbb02f08fe1a1573,1235,46,gallery
4608901d230f48f9840541130e900431,1235,95,gallery
4614780623b14dc5ae947b2c225d8219,1299,89,gallery
473a187ff44443f8a3492c3f36601959,1299,90,gallery
cfcbf7df946d44069d1c1ef6ec4f0d6b,78,43,gallery
66ad8a219bee4571a3568dba8ec91f93,78,90,gallery
73c6608e69084b629f6284cfeedc1683,431,90,gallery
b3cff8e5ba8043d48153c3d3aaa1e5d9,431,92,gallery
2909e3e5153647619aa6ff34fc00ce6d,718,31,gallery
a577c9f45f6e4a9d96a96952c8435c86,718,17,gallery
b7bc9810bbc749e09dc8b415808c4faa,829,38,gallery
7c78587b621245138965fd2978f466c8,829,22,gallery
1d83e65f848149ffbf2596536bd041dd,1101,51,gallery
525f99f36a414fd1af5c3209577c8aea,1101,93,gallery
697d7f3c8f0f4677929e67f0a807a61c,1294,87,gallery
feb1a25607784aa582f65f04cb2710ea,1294,7,gallery
297937288c4a49c8a80380a1cb412282,117,86,gallery
d8e33c27fabb430f8f5bb6956f446c61,117,3,gallery
716bd30313f344f49485e0492388d5b6,59,77,gallery
490d899969a542f993ea13c798fb7bdd,59,68,gallery
f90ee93ffba049a0836de3301847c805,697,13,gallery
54702fd58ed144798c7ca998d2671f5a,697,68,gallery
48c9c0cd16804450b91ee1a6a1c7fa73,309,39,gallery
bba15a433cac4234ab8c83eb0837d9cd,309,20,gallery
79fa9ff914364f36ab8516281cbc7f27,1006,10,gallery
c0ba27df801c49edaca462a5795db241,1006,51,gallery
8851b34dfbb246a4ac53be222b2e957e,524,92,gallery
02c99764d80e456790def309d0f4d8c0,524,73,gallery
2859815cb9dc4ef5a2a2554f9b223c27,363,12,gallery
4f062b84f90444238b1ccdbc8abd8aa2,363,51,gallery
35d06b4dbebb4bdf8d212d1c16182da7,1484,13,gallery
5ae43dc1c7094d9e97b1a55fd7ac53ba,1484,68,gallery
93eeced44f164505b95d541a0e97d7ae,762,22,gallery
0f99d721a2ed4c4581d40d5d295b347b,762,38,gallery
9b51879f67304ad180f0ce385fa8cbcf,751,87,gallery
c6351eb537fd4ac7b29125c0de308c26,751,64,gallery
ecb4d58dffb7482fb3cb1be3eef9f85b,1365,11,gallery
6278a2eb71e14643a0c9a6feab15ac17,1365,15,gallery
c2b2a19ef2984e998da48c21889ca2df,380,36,gallery
5c0f4cb484434d23bed68cd08f97d8be,380,11,gallery
22d2aaaf38444817a5a04fbb497d0c66,1156,86,gallery
aa8e141b394e480986b8ca9421dc43f3,1156,1,gallery
731e95530d334d8ba6fc16ba579d9379,674,19,gallery
09e6f63b419441f7a2e1402728ba139a,674,33,gallery
7233ca0e42c34e6880c4ca5f992795fa,1414,89,gallery
9cc64db8be594052b3c8ab25f58be672,1414,90,gallery
2ee02a0e4b2d49f79b420b463818ddc7,892,53,gallery
bd958f85eb904d069c9614acb4d91c3f,892,92,gallery
e76cbcbfcda540f8ad55d88b151d3538,598,69,gallery
963d4e5cdb0b4fc2b05aeb66e1a90ef0,598,11,gallery
6d36f30a66704ffe9c9651d39bfcfa1a,1,71,gallery
c9d1282b44644100861d6200a9ad4587,1,67,gallery
6aa766d423e24c0a98c7c72a67ed7d70,914,68,gallery
b7ce184c98cd46bbb6073bca639cbce9,914,77,gallery
b85f31150f9d4d2ababe87e8f1693c2e,272,56,gallery
48cc70f3789c4a67bdfe90c7ee176646,272,12,gallery
bcfe39b682834182a80f4cd65340d046,482,83,gallery
c22633e21462457894df7073a3224707,482,92,gallery
b7100c6715d44f819475fd81a9b297e2,1519,15,gallery
9c5b58430ded407fb8244616e897602d,1519,25,gallery
079c2f71f5394f219670d673bea8399d,503,13,gallery
a0b7c0798e5c423ba2c90d1e54f5a598,503,68,gallery
26a6adfda6a04a879fc62daba418d2f1,285,20,gallery
39b372fd9a60400db2db3eeaf7bf0d8b,285,16,gallery
1136530a75824a53b5c7e38651090589,1021,90,gallery
ea4e3ac3f1f84cbeae24b01a95180970,1021,89,gallery
af298f22c59a4572af115023ea64d2a3,1494,1,gallery
519a8b6ee8aa4ef2b70a190e516258b6,1494,54,gallery
b943b878641644ffaeb49eca4203786f,34,89,gallery
018e773167e84cb486519d5ce4ad9a56,34,81,gallery
6a35037133914287968b107fca93a80b,1044,83,gallery
978a94e0e210473184bfeeedb8cd5ceb,1044,33,gallery
3034108b54134bf594c4207a9554201c,962,85,gallery
35ea5858e88044ef974eb3fe576d3af2,962,83,gallery
dcc29f047aac449f85cbf8dff7111c08,132,90,gallery
1d4864c2f39b45dd947d050b33e976b2,132,89,gallery
410056de626e42b884a63b3779cc8b32,601,31,gallery
50679a7276be4ec8b8b94050684ec7b7,601,89,gallery
8a5366fada61487ca3e6705ff6d579f3,145,51,gallery
56960470cd2d4182a64c10765bb67860,145,85,gallery
a1bd35391fae4bb5adc935f0b18349f9,348,63,gallery
e29b88f39fac4ebf9ff6f36ecf793a10,348,85,gallery
f4f361e7f9614057ac04a37c52ae0c64,1004,19,gallery
dba8a86890be4938a9b637b656f8314d,1004,20,gallery
65e416487c9d4c00b0942793aed72fd9,853,91,gallery
d70637984fe548b880efb3a808078414,853,12,gallery
ddb07be9f49c4535abc6a631d8c1e592,73,23,gallery
13341f03627a44eda8e36eab97d7ac14,73,50,gallery
20b607a0b859498aa07a1dbf1682ac46,948,43,gallery
552367f585154bb48b5832ba893c1b1a,948,61,gallery
bdee1df11fd94d33af98dcad16884410,33,69,gallery
0d31b2a497314d4087406f03f49e36c2,33,12,gallery
48e47eba3cc5457393ab3bc3ee618f56,263,89,gallery
f4cb610bd9b14e379baf535324917b61,263,69,gallery
c36b27be24774d46b2b5e9fd39ed19f2,1400,71,gallery
9a86c46fbd5844e7bfba604ddde74669,1400,18,gallery
e4a634e82f244f56bf097cba57e58fd3,1016,11,gallery
160b7643c49b40d78fd3ee5ae8cc3acc,1016,94,gallery
ab0c8da3b9e74bd29db82eb8d9c34913,377,86,gallery
5ef89ed51d604b18820563d7386df252,377,56,gallery
ef856b5706b54af6b38faaea03546f60,324,36,gallery
1e2a164e05c64dbb842e1e4b13bd5138,324,63,gallery
1310d9c1caa7436aa73cc0a965ab4bf3,790,92,gallery
c7ad240bf20342a5bfd49b67e3ca40ff,790,0,gallery
e71e82691ba149f6859cdb91888af14a,1497,33,gallery
e20e7942416747fe9e8505940029b158,1497,6,gallery
1284d8c4d64d4cf6b792b562c6ecaef4,527,69,gallery
3ed52f12f44a43bba8f61bf750b213c4,527,1,gallery
f723e54f287342dab489694817f30900,1248,2,gallery
0589694d952841a59b606d4df29540cc,1248,5,gallery
7a35af8bb3f5470a9f2608f0d09aa576,199,18,gallery
07dad1172d7943cb93d0fb9d90264aeb,199,42,gallery
44764ab4c1e4452192bb40e3308f9d0a,1428,48,gallery
ac4cb66e59a547859517319a83efd4af,1428,89,gallery
35708d60c5fb42b1b0bd33a306180dc5,1537,20,gallery
0b26ba16d18243528ec417257ad74b11,1537,85,gallery
0d267b6d382f439caae427a12069abea,1540,92,gallery
dfe04f1d74c6491b8b055a0fe24d7134,1540,17,gallery
b0d2b1d7c6df47adb7a3fa9c6655fb3f,696,90,gallery
2977c87360b24866b60d4ea57cec7fc6,696,43,gallery
d1c46b0b7797491ab9f9888768697a36,893,90,gallery
ca99989573e3494d91d6f1d0dd8b923a,893,27,gallery
cad76c30ad0c47e0afbfeb30575817bb,202,89,gallery
8a68e005fd80480985c858b28ab2eeee,202,90,gallery
84b01afbb7a843afad58cb37eeaff11e,1138,19,gallery
d678718b8f38459bbdcbd7b720db39d4,1138,6,gallery
2ee670b2b86d41e49e6236b26f1caa7e,645,90,gallery
b4ca4b57bc6a4e68ae105d472b1b8589,645,92,gallery
ce53ff7242d5461398d402c50cedae48,895,11,gallery
cb659b378e8d42d6b6287a7264298db3,895,17,gallery
aa950076d038499596cb73add452d8f6,776,89,gallery
8f5f7f037b824441b1b29e7906ef2e12,776,90,gallery
25005933b3ce43c6b642ca04cd108f8c,589,20,gallery
85f1ceeffa2749f0b43286820b0c0fa2,589,48,gallery
c58ef0f6af214994bae23e489b88b224,1476,43,gallery
6cf37bb46ba94cbaa9494bf50b6004b0,1476,82,gallery
7694ff82ddd64a3aa502a1c5b007b91f,736,6,gallery
f7e97daec10d422d9ce1e46e17efe83a,736,19,gallery
f2dd71b9127042b3933de0cb52d78333,536,91,gallery
b3c289f7c73f4f39839a23ec6602012f,536,14,gallery
7e339f6a381944388593b48f0d825862,1384,89,gallery
1c0d8ac1cee94629b1abb8e2e2a026f5,1384,90,gallery
7b8759a33ac145188a4cf96b9c5e0d4b,904,89,gallery
4b90daade9334addb76bf838887e1430,904,90,gallery
e1b8ca53e5504d7495c3e259423663db,990,83,gallery
779d51c44a38485c925d6cec276674d0,990,39,gallery
ba051ce242c84e5eb9e2e5031d514e2e,221,25,gallery
8f7105dd86034d228273da029ea13e49,221,27,gallery
4cd17c87e0024aa680b0be35e8bbe8c3,1333,23,gallery
c66ecf23e726427985f02e75435553d3,1333,59,gallery
e8ebcef8c96441cb806edf714f270219,1041,56,gallery
617b66c3624e49f58fe07187d4cfe601,1041,63,gallery
9ec994928ff64fe987275615f565944f,1516,15,gallery
77b67d35c45244bbb74e4c40f6f9eb93,1516,61,gallery
19860539cc8f4428b0398a4e165a92ed,181,36,gallery
0c85b5e5712442b6b3f2b929bc13525b,181,90,gallery
6117b0ff90cc41e2adfc6a080b76ce1f,143,12,gallery
8d38f3336dfd4503bf169d9949f5ae5e,143,21,gallery
88825d66a4604b668da1122c7afa7297,6,70,gallery
473f893934e5432c8b0f0f51631243f1,6,73,gallery
acbb2297ae6d47db8944d63a69629a33,139,45,gallery
09be090b970d4bbab186b676eece1fd9,139,69,gallery
73c875f66293472d9bd356951145388a,1505,90,gallery
06759e9de0944103897bf5d38a436200,1505,89,gallery
d3b2d79d8cda47f29fb09671c4a8828b,788,90,gallery
ae60b6e268704cc5aa838e49c625121a,788,15,gallery
2e9bdf26e62e4c6cabf6823bab9062e9,262,51,gallery
d953e66fae8f453e87479032249147bc,262,1,gallery
764651236dd845e88c17acb3b756462e,1389,71,gallery
23693d996e3b484c9a1971dbc8de0e4f,1389,52,gallery
f1bce1090d1a4fdab554e816e257a876,25,89,gallery
b735ba11e377495b84382dd77fe9dcc7,25,90,gallery
ed24b46751c944658c327a44c1e0c340,456,72,gallery
0b2afcfa71364de899e774acbec5a379,456,24,gallery
37bb96b8584e442b98003fc25c0d7057,162,89,gallery
64585b1246ad411b994bb8d8f2deeadc,162,90,gallery
6b4a63b45b1e4f4eae31dda8a33c238a,1062,89,gallery
7507f41e971b45c481bce424ab7d4994,1062,90,gallery
e08bb23c038444cea351a8727c916bb9,446,63,gallery
6f316015c138472f859be00883175223,446,53,gallery
0940f832861747bb8ae7292a5b82023b,175,17,gallery
ee7ce0bd55de43f38323aff0ca4df0e5,175,20,gallery
1c63264de1954fd1a1f03ef20fe92e5e,23,54,gallery
b3e59e519de24e47be890e779618c256,23,4,gallery
25bbe5742321407aac247eb60317c0dd,676,89,gallery
a1a5365c33b04b45aaf53d8de2998018,676,90,gallery
96193706d2674e38a500fcac5a328fef,282,90,gallery
35db65d4644844349de09dede9cc1dfa,282,89,gallery
676f7365eac64582b6c8a3d94c68c9dd,1213,59,gallery
e52eca4132fe40c49fe5371fd9afbc0c,1213,5,gallery
9da2f5b366464afe9098ee14cb54e484,347,69,gallery
acd7921af41340a3affdbbf622ddeba0,347,53,gallery
148b14312dca4e979eae3932bbcb1b56,862,90,gallery
f15840fa02444165855a2276cab9e5c4,862,89,gallery
9dd1da15834e4d9ba7d0b0e2c19fb570,1291,71,gallery
c660fd4dea8442cca5d3dfe03db0888e,1291,22,gallery
12deb593f2804fe6bd1ce3aea7a1d5f7,903,61,gallery
fdc1bdd4bba7449db6942824a929f8cf,903,40,gallery
7220a5c8821a44b0874284e6c64f7c89,1420,90,gallery
2351a756701b4e38aa65ec6e8334552c,1420,89,gallery
04f7688149c6419a899abf79928625de,1438,94,gallery
e45f8aba73e544c39e9fd4a0af26ecce,1438,90,gallery
f241413df3704619b73d41b93bff90b2,1373,86,gallery
50a9e3ea1cdf440297563ae695074b89,1373,15,gallery
33b9fc5955cd4e02aa806209a4946b67,1236,82,gallery
4b8d58f2fb5e4d6f9c15ff4004418672,1236,85,gallery
68df0cdb42c44386927d1ab20f02d81b,232,87,gallery
db2940d153664264b342b6427b8a80fd,232,7,gallery
10c4bd65bef04ec3af56dd540e55f0ad,276,89,gallery
1c19439bfc5d408bb47abb32d2234ce6,276,90,gallery
8612d46bff3c47648c1d01c114d6c301,1479,13,gallery
989ae322b22f4c7785b08bd6ae1464ff,1479,69,gallery
6c2ed7c4919f45e39e7d6c32c1a1b860,573,86,gallery
db4a53e44a4b4f03af9ec0b1ecbf4c84,573,54,gallery
b3b7bfdb4aef48f08ed1f20b9daf2de3,1489,90,gallery
db81e328539a49dca38b92181fb19a29,1489,89,gallery
213a40ece16e4773b0b82772a0b54ab1,807,65,gallery
d21827bf180d466284a287110892e33e,807,54,gallery
5f3b6f9b28e64a119ae53a6e274c20aa,1065,39,gallery
602585d1554f471fba51aa61e84c70ed,1065,73,gallery
5e9350511d654872ba6bcc6aec03a65f,627,90,gallery
234fee087c0b4c6f9720f154ee2c0017,627,43,gallery
9cf98313c32b4de68bc88e1729048871,1534,42,gallery
8fbd1b4b59974282a85fd18aeab314da,1534,94,gallery
43d28ee7f48d4b6fbcaed814bd5b1a61,1472,82,gallery
ec79aef0ec4a4e579418be0955a344d2,1472,85,gallery
4945cce2f7c64d818dc68ea7b0aba363,151,89,gallery
80ff4518fb5e4394a3388ccd73f55bc1,151,90,gallery
59a79b93790f4955b5c6e15100462034,249,71,gallery
a4feca4741eb4d6ab90b781ddf51e631,249,85,gallery
0414b7aa50eb4506adf77beb7cbacb30,1501,63,gallery
59752ec6bd22404db3a8f73ad07f4141,1501,86,gallery
8bf4e7adfc4c45d4b504c29ea6d7d707,82,90,gallery
1507f63981a64932aba0a7076e4ec257,82,89,gallery
6d0f77f68db045d5a5d53b628e2d61ff,387,77,gallery
62dc103f76d74e53ae3bd0732009887e,387,28,gallery
354c9cecc09d4dc4a6276fe226377d3d,138,86,gallery
c4571ddea7114621b58789fd2320b00c,138,37,gallery
ee5157bc470a4758a35e7e94ae2baedb,338,53,gallery
c74ca58c03d0439992ab518cb31951f8,338,83,gallery
5cabf3e68268472ca4a915a378c67e65,1425,86,gallery
d3876a0dc7e34c45ad403ea0e54732e2,1425,82,gallery
da5c159d5a7f433d818ffde02b8e8882,964,42,gallery
a5ef631f7e7d464ca452648de41ed100,964,82,gallery
d00f79d9e7d94a63a19ec351b8ff9330,1303,82,gallery
d4c940b8d99c4f5b9448a8fcea8b15e1,1303,85,gallery
b6a149611a4f4687afcf1e88532a7b48,36,72,gallery
849339c91bec4b5f923fbf866b5e4bf5,36,83,gallery
adf3b90d6538408d93d532f00c7f24dd,817,32,gallery
d3187948b34845058c7536b088d5f8a4,817,40,gallery
f2b5a50ffc4d458ba6e51f55d8cd6005,358,90,gallery
7824863761a0474b92b715bc74b016e8,358,89,gallery
64bff71766694127b00f7e98a0e4d7c5,1261,19,gallery
324cf38cd877481697a88337f923d1eb,1261,91,gallery
f288915ac1464b388c8ea906b30a5575,865,74,gallery
d56d8bb9c98d4edc90d57307e6b7ff81,865,33,gallery
5ad7fc4894d14386942b4b0fddb727fd,1190,89,gallery
7de251c59f2d443da849d1f01f488a46,1190,57,gallery
951b8cf0c107451baeb8ae86a2d91875,787,15,gallery
78023562a5b548fdb31eadb44be7eff3,787,38,gallery
79696937fbd34b2dbde30f41af8496ef,146,90,gallery
38f3746460d543e8a9d7ce0f546e7899,146,14,gallery
f9fa40a2bd7d4ade92052c388e7a7963,453,17,gallery
27c7ee14824e45d68fdb56563e116333,453,59,gallery
2af1f537ba904a66ad456517ec3cc192,472,53,gallery
38b485f9529e42acb5e6e5f8dd5e86a3,472,51,gallery
e136cc43e7294366a1abec096a6db771,349,54,gallery
643ec4ee9e8b498f92e8d19acdd7703c,349,91,gallery
ed46b5ba41aa4f4bb039a585cf0d4039,1229,54,gallery
04973b4a123344b2a21769418c0da4a0,1229,80,gallery
918e6456406a4bb487d4331613d349cf,546,44,gallery
576633332e48499a8c7199c2b6ebff41,546,24,gallery
46ad28e3b7574827aefa43be058ba43f,606,77,gallery
48e292baa3a6404b809f8f948f1ae239,606,68,gallery
9bed6ea3b45a4dec96238ab04b073888,1015,89,gallery
5db50abe6e0d4b439d74312bc3a379a0,1015,90,gallery
912b5fd7ca64429e8cdc866d3f3aaaec,492,92,gallery
0600c5d6a885411e94b36c4c3377d656,492,63,gallery
1a1602caa4414156a1d0a41c3b4e4c3a,1381,13,gallery
c162861bee6646e9aa94d5ae501c549f,1381,36,gallery
2904dfe5b39e44be87035ed023babc68,706,19,gallery
d06767cd19094d51a365353bc2fe8c83,706,6,gallery
08ef8746bf524ed491d594afa289b841,720,6,gallery
50cb7df44f7b4e1f9d41ce597230c965,720,19,gallery
6084ed10996848f8b0b8551fb17459ab,293,90,gallery
a3b025be60cc45cc95b3560e3606b221,293,89,gallery
81a331d08d4e4347b105896360d89bcc,1053,84,gallery
b5c178dbcbad462aa489896807df80c5,1053,7,gallery
23d67547febb4ddb97ecbf587acf44ee,1274,11,gallery
7d4d01b1c9134ea1b19c8f1a52805be9,1274,37,gallery
8778aea814b14051b1536984c11375d4,391,21,gallery
d02ac16e1f0643868bc4f789d15366ee,391,53,gallery
8f76ce7b604a46d3b520cc09545b075f,943,6,gallery
cfbaaab5684149c79ea0981c8e6b20b9,943,60,gallery
458395a10248497c8cb37414b38291cd,1515,63,gallery
3839ddb06ccc42e59394e7110b44dd17,1515,90,gallery
177cc4ab8c37454f94298bcc7f1e05ea,29,39,gallery
353cdc2b04d44236a959b08789e1bbf4,29,26,gallery
7f652bf7924c4d268c01a90369a3f491,1358,74,gallery
b27e410ae9c947eaa14996d74edc84ac,1358,57,gallery
6e442a26be194681af1b7417020f1d76,592,63,gallery
2c92044c672c41faa63ee56b073e72e1,592,42,gallery
63925af34b1a459da6c88f91a81db0c7,1036,20,gallery
c2f953f708d04749989c220855f56195,1036,40,gallery
36da6fe6033248c09474d9ca9dd2936b,1010,89,gallery
6ab2a5e6467c47a3b224530e21a5e17d,1010,90,gallery
05809398918346eb894af9947442bc96,386,89,gallery
d55d3dcd951c440d8395fac18663056b,386,90,gallery
4ffc13e61a2f423985e0cff42f92f105,42,90,gallery
f890635d8d7c4f37b723c13a3db62ef6,42,89,gallery
e40a24da40c944138b95193a43d2ef0e,328,92,gallery
0b1792be263947dfb5126e48c9273249,328,86,gallery
c979bb0d68bd445da1068a92cdfde266,1111,89,gallery
167057c8a07e4d7eadcfd45387e05905,1111,90,gallery
e13b8f6833b64a2396a6cb157be038be,927,43,gallery
1bc02e16fc654fea92c766b17b0ed7ab,927,90,gallery
46583a7035e249cc9838abc3a6d5bfe8,443,6,gallery
48d92e6c2ce947feb97575a01e167ae5,443,33,gallery
cef7f2f2f2514f49a962321b45ac3c33,936,54,gallery
f586fd29e9ea44d3be32cb3db5438931,936,62,gallery
82baecc3bee74283a7806634ef220b1a,37,16,gallery
d143d644c57142aab4ed862669fe7f8a,37,81,gallery
8bb507c20bcb46649a996b3361f86b2c,805,85,gallery
ce45be5c39f04d168f11a08662c53717,805,20,gallery
3b8fc5864110444f82e94f624b583ad2,1520,90,gallery
e506614ea9704cf3a61f52af164a6ca6,1520,6,gallery
6e87bc4933454bd6bb3355cce71e8122,800,72,gallery
496a7fa5601f4d2f82ea2704e7c1c96d,800,19,gallery
f96e053c19c14af48c946c3ef3555c47,819,81,gallery
c2cc54732d5545b98125f7f77467bc9e,819,94,gallery
a343356b445746d297c21b78b269a155,1240,52,gallery
0ca4dadde2d747f0bd14a87280f23a36,1240,90,gallery
9406af2f1a364f6ba8474effb45ad35f,161,89,gallery
282748f13fff45db9055463e6464232b,161,90,gallery
e06d57f9753e4342b304e4594bff3845,684,42,gallery
9a1e0afd4b314f339210629babd2ef3a,684,59,gallery
3d1546a5ecd143ca9b30fc01ee040f92,1007,23,gallery
83a5a04a56ed45ce8fb56cb6a4fca237,1007,40,gallery
6e2583ee4580488393b43e6901d91514,1522,1,gallery
3a62f10411aa4a68b1be3e3355407735,1522,36,gallery
f541a3ae15624e3fbd5540a782b7aeea,732,89,gallery
2cb694547fb14dd39e3b0f8067390b1d,732,90,gallery
a308eec6a7234e77b7661126696342ce,799,40,gallery
0d295e4357674c03850fe8c03fbef2e8,799,81,gallery
105cfd87f57d4995bb0fcb48d872c732,938,87,gallery
984fb9577ae24e3faef299e22e6d72b5,938,7,gallery
f93abddf315a415084df34f6f1baa782,1322,11,gallery
0f5305fab94b40a696c0a23f341cfafb,1322,82,gallery
a764040c54b74140bea40324c6af698c,62,1,gallery
6e936b41389147c88f484bc58a982b8a,62,51,gallery
511e920655ef4d6783bd86ecd053cb91,659,33,gallery
f4638c8e71d142b89dc534b3fbd9e8f0,659,6,gallery
b8012abf309c4a459721bd4204be320b,731,68,gallery
dffaedb7e53242009a34e575734ac84f,731,77,gallery
7c2644dfdee840dbb128f09083133afc,290,25,gallery
8cff10547bcd4b6f98f5aeda2816481c,290,17,gallery
6d4062510aee442c92889038f66bb47b,1480,83,gallery
9d21f31104c84504a2507fa364d24ab0,1480,15,gallery
6fa230afd3544c2da2dd33799489cc48,1095,89,gallery
dc6aab418dea4fe7860e0a802aa8a65e,1095,90,gallery
646d6fa87b7b4069b4407fbbd322301e,911,50,gallery
124938b60cdf4f61aca1e369d1ff0737,911,17,gallery
c77d866c9c3a4cb89218690c3d400473,1247,2,gallery
63b0dcfa5c0c4e3681c4ee2966645107,1247,5,gallery
194d8b3981b140f581a9470ddaab3fc9,171,37,gallery
667d2ed2c26c47efab4a627de90969d5,171,86,gallery
48ee0f4e4aa04ee8b1d3b9b9ce1bb1a1,653,43,gallery
01aac40dd4914c33acb394f05a45e6df,653,89,gallery
71c85649fcab47c1a1951391474368fd,1313,95,gallery
10af960714cf40a08bd1727807d15ffe,1313,10,gallery
a2e79eb08fcf4ca4bbd812a48d0159a8,1337,31,gallery
7dacb56cfc034d72a4c06de4c1a3cf4e,1337,86,gallery
e2682b559f86414dbd43a6f1cf0f5711,1439,21,gallery
663f1a16c90448e38c4db40ff1e319a5,1439,51,gallery
69e9a17b494b48aa85ed4b9aac347e7c,695,24,gallery
2082ba5cfcee4b5293d53d11dd940219,695,22,gallery
3472c9ae1f9d46dcbc237911ff0a1da6,542,20,gallery
6a6b0f2e43814e918a0dc95d8a68fda4,542,82,gallery
41ab5382376d401a9edbd0c462c48a3f,612,31,gallery
0bdf5e7bdd624ca3bf47fbb8b7a699cb,612,38,gallery
2703a690588b43b694857a01f3700eb5,1205,89,gallery
9ec379b4c5b54f059fd125b7aaa0e4c9,1205,90,gallery
37d7d45c87a8445f99f9f0fb810fdd0b,491,24,gallery
89bb9cf747ac4283a9535ca29db0e5bb,491,8,gallery
1e05f86f44a94b229df9fd216029f76f,1125,90,gallery
023599520d7b4d02a2b11ad3cbc135de,1125,43,gallery
26ab9040966048eb8cd968683c2bd5e9,1375,29,gallery
38a281c135bc4c649cd79a49a946aff8,1375,17,gallery
381e5df5f54a4489a6eb01d248d70c99,205,11,gallery
dd1ff52076ea47b2b0e4f3a4f322cf6e,205,20,gallery
11a92f9665f24ccb9a0fdfd0aec48b0d,517,74,gallery
ac5d886ea5ba452fb44691ecf313ff17,517,33,gallery
d971ef122f52452c888e3c667e5a3884,915,59,gallery
1d1861ab480e43f089affae88ae8ab1e,915,55,gallery
066fc1c5da514c17adac24271c09c82d,607,82,gallery
768c5b309016456888dbc27041bdea12,607,20,gallery
dbdce53e3585409bbb0115362d235add,929,17,gallery
1c1d2c8402344119bd4e8ecff1cafdc1,929,0,gallery
2e372f399c824622b20528b660f6ca9f,764,11,gallery
746d00eb787c4bee91edd0e4c6fd7ab7,764,36,gallery
18ef9a6f48d44828ad82b181fce8b20a,977,43,gallery
06c0f6c29afa4131a344a79623a2ffba,977,90,gallery
14d5a9fc8cce46b19957eeada24065ee,4,15,gallery
44c452a6382a4423a9182b908e6e7df7,4,1,gallery
ce40489285bb4fbd98368d0e1e61d3a6,949,59,gallery
2ec564ecfe634712b6a78ac43d452c4d,949,92,gallery
9cab3907fa114467a7ab0dae706af5b9,1413,61,gallery
891e9a8c0af34556ad6ea51a2bcce106,1413,33,gallery
342488bec88b4580b75adc67df2e5800,995,64,gallery
7b853d25fa28459081ba6cd4dd78d746,995,63,gallery
6fa744b320e446198720082b21bd6449,157,90,gallery
c15c2669a3914c378d728952376c1f97,157,89,gallery
a61a1fcccd3746ae94892e1fa5e78bcf,1393,54,gallery
b0841ef77fe146198a4f9aa6cb160e24,1393,48,gallery
3f6c6d6bb17b4d5e96947eb61c9f76a0,233,89,gallery
0fc6fd6d6e434764970e8c2544c50319,233,90,gallery
a1da098c7024457eaf4ef7d690346fd0,15,86,gallery
9dbbb8c8cc6742d9ad17a7edb766af15,15,55,gallery
b63baf2985784fcba80eeec10e955719,650,90,gallery
b9bcfa0ac3cc4f15a2b1fe3e0842fb8a,650,89,gallery
7c5250ba520945a2ae4c97550418aa6d,1353,63,gallery
37e0dd0487c540579edaea12e5e565e7,1353,69,gallery
be639f64ae5140abbb2eff44be6b6651,1222,78,gallery
84337568eb5c48d5af05b653959dd02c,1222,27,gallery
7c0137938d5a4d51b35713fd16c5cf18,1080,69,gallery
a0c5985c23e544ddb4c97414342f5703,1080,95,gallery
05c628b564d54a5d817f8560a48e478d,108,36,gallery
85d64ab01c4247f896f010949d96dcc8,108,57,gallery
e0cb3184b91845e7b64d275b03590b7e,880,24,gallery
903fcf7ef760419a87688bc525f5b171,880,91,gallery
e21699b700a441899c4ed7c87018b28e,682,24,gallery
0a0a09e4e65647eb9f1849aad83436c1,682,61,gallery
1a730c6747054be2a8dcbfa49dc58422,67,19,gallery
7cab0ca30ba7404091cd97424839b05b,67,6,gallery
79c71846fb8844fab5f57678a7aa31d7,16,23,gallery
d3e68ae3b62a4a3ebc641c782ad03795,16,76,gallery
45b83e7ee23645f589a9736fcadb5761,1136,90,gallery
24cb4c2da31a4a668ec21b9e9f709bed,1136,89,gallery
96d32ba664404d50b54f9c9d63ed6f88,1255,90,gallery
9e31366b53d341369511fb080c060880,1255,89,gallery
0774e2fb0edd4efebc4bf8d90cf897c2,378,89,gallery
8ffb951a9ee043e5bee857fb91738688,378,12,gallery
0d5a528189664d8ea55e0cda5b54b70b,121,1,gallery
6c68761d291d47edb10595723cc1e8bc,121,56,gallery
c1e3ca8f9b2c4ec59e4efbe87037879e,1433,90,gallery
4d5de53a079045a08f29b6392041bf63,1433,89,gallery
da7552bcc2c24a73bcf7c0af907cc8c9,705,20,gallery
44dbb346887a4b28bc50c147aae5d781,705,85,gallery
d035873a088343498ead056f0448c481,1106,49,gallery
9d8bf02fe40a45ff8e3fba1a05207808,1106,89,gallery
8f2be95bc8cc4c6d905762d48080d5d3,1078,21,gallery
cf73b9acc8024f948cd205d60a8789b7,1078,33,gallery
c38c59c0aabb4738abd6c13c5641a9db,857,43,gallery
1d75695d71c849559ea1e7c4c880b382,857,89,gallery
aa5fc1a62c30420bb7d829437fdd13b7,1355,59,gallery
774e795be6fb472684b6407da1e2191c,1355,80,gallery
e2e37fe3b48d4ad398912c5679f75e45,1204,90,gallery
082c884ac15d4e53aaf330666b5f2de9,1204,43,gallery
7a921a8246bc4913ae08a9b13914048a,820,90,gallery
13ddd994d0ee43c3ae26e9418f3ec5c7,820,89,gallery
acbc18f331bf40649d34d9cd28b098c1,1221,89,gallery
475da5fddf774e69883e872eaf674f32,1221,43,gallery
947c387d3475482b862646fc8ced7c04,1176,74,gallery
25fe4ed7ba5b433b9ae84795ea909729,1176,36,gallery
badab624a2d146a992e90f5e1f2756a6,991,29,gallery
1f8ad85baaaa428f8df2e7ff4bc7e864,991,18,gallery
699e13d9a3f84d34a09edb302a900a37,1371,35,gallery
e9a1ec77f2b247ec92bb1650e61554e3,1371,56,gallery
bc378f7f2c514e298253c2cb004c2c60,178,90,gallery
6db4a59fb71d40dc9e801f382817dc28,178,89,gallery
f34b773ca45c4bba91f056a86a58e799,334,73,gallery
9868d0ea206d475d8fb8015514f7fae8,334,50,gallery
7685c8894cd14407a657ee8e03b2d30e,220,51,gallery
9927dc56cdff40fe82e0848a02676054,220,62,gallery
d8db6b8a3e934831bd5314a8edfd771e,1076,7,gallery
f8b77ebf6e63474dba4255a9d4b2f469,1076,86,gallery
9fbeb9a75686431dae6e08c7ef90b479,1370,90,gallery
bbc423dd6365415abff60148d3b16438,1370,89,gallery
9939ec3b671047dba41537a1578174c8,828,32,gallery
32b6040583834a2a85098dc0182820ba,828,56,gallery
1bac9c3bd8334c03be7c9bd087b5e8b9,603,59,gallery
5cc28a2bb7234bbf8f5bf9c0a25e20fb,603,71,gallery
647956c8e07f4e50bfc3a1b15e844cc7,1193,40,gallery
c7df9e62e9b342239f2951bdd88b87ec,1193,63,gallery
4b3f1e50bdbf4fe2bf3004bde4b35d3c,917,19,gallery
bffe74b137e64418b951cc00629b7e71,917,6,gallery
0af5ac6064a04fb19e6d1a26e4468fec,316,43,gallery
aa16c59443824067815d1ca6013f7ac8,316,89,gallery
154452947cd74b0384856767d022e290,951,63,gallery
64b04e9d34434dfa8c33999e60a972e0,951,19,gallery
77635db7e1a944d3bc63ae0f41825d89,941,90,gallery
f12321c18fd642c4a9a3daf8b0bfedf8,941,89,gallery
97be900ce2db4d719ae96f7155647098,281,62,gallery
2082905c030547a9be36f3774226d647,281,1,gallery
5c2cd07209744d4dae9784e5b1b87be2,1212,90,gallery
6be74ea8ca3c46f68a9067ff1d2fe02f,1212,89,gallery
f9e088ead6a546959515c3f5da9789a7,1147,43,gallery
cd5ead4f82e646c9b4dcad5123ea9a4d,1147,90,gallery
d9419b4e82a0490b913458da61a92999,885,6,gallery
4b6223cc051743c49641c335f967b25f,885,33,gallery
10a68513457c44eba4d8d429e31d564f,288,26,gallery
7146d821a32f43ca8de108daacb38c15,288,41,gallery
bacfbc9654b7408d9eec73432a4eea76,1493,45,gallery
87f2adf7e4654df79af48cc81215eabd,1493,91,gallery
43d54ac3dd7f4b548b1096096d82a7e8,1070,58,gallery
2a161f2f70b84a098cc3c4615aebd2da,1070,11,gallery
b4f43bb7e25c4b0a90dfb0c906d06fad,1424,69,gallery
7fc1ea2f3a744f04959d8936d8dffca7,1424,36,gallery
8bc199594aa4412bb7bfcc1b172c494b,172,6,gallery
492962b01fdf45c6990fb24118d11ab6,172,19,gallery
7625f28796374f23b8df51d8d7fba0be,1081,85,gallery
c698c126ab6f4a8cabc8709deab680a5,1081,82,gallery
6a05d893d4f546059d51e797645eae84,1000,90,gallery
467fd0c4828b4ffe9ee71bf1efe01295,1000,40,gallery
1740d99083354f5685d523790291270d,1242,89,gallery
00b4a783941b43c1884e9a855f89b97f,1242,90,gallery
bdefda25277c49e0b01add40135cc808,1491,90,gallery
c94797478f4c478e9505f8c9a8a29df9,1491,89,gallery
de0ae8ae65314226a8f71153b2c5bfd4,305,32,gallery
e306239b44c444209d1d14befe9d5d44,305,94,gallery
37000b102ca444468226c197605244fd,55,89,gallery
00b4f72dad52460eba9b07e7d6ce3694,55,90,gallery
be40dd0c96964b329d28f2c7d2eb7881,142,51,gallery
53ec57522d4d4bf28612c4c79bf3464e,142,12,gallery
bd9d72f56d854a4a878f4be3f37c1c79,677,90,gallery
ecd903e5e0034652abceaf3df61ce650,677,43,gallery
26936a85f7dc4832ae8b2e6d526f22b5,1134,15,gallery
76e52957efde4ec781064448e38c9d76,1134,78,gallery
ef08950516404551bdfc1e1f9c929e7b,1419,68,gallery
771162e0e00745349ecbc5239fe9d03e,1419,77,gallery
99f2a979d21e4ec986c402c83f11fab4,814,90,gallery
fe814c89ee3a4073aa4121442336b3a8,814,43,gallery
129097ae87db4a5ea4e80b54c6226310,1452,90,gallery
39f6d6180fa34eeab430315714a1ddcd,1452,43,gallery
23d871d6e63f48bc995893a9be40360b,801,82,gallery
7f9a5e8a92db4a71b9a903058480e119,801,85,gallery
c8741f6272774642bc47d4340ee39130,965,7,gallery
b71063f8296d450195b8c608b9ac7dbf,965,87,gallery
61a05a980db14bceaf29f92615477c4c,81,82,gallery
35c0e56356f347efa15a595b18b57ae6,81,90,gallery
34366dc5ceca447aaf173e3f1454c691,795,53,gallery
68d80249e29d471ba7bcf43459a12842,795,65,gallery
49e0dc15c48447f3806d59be89766511,884,40,gallery
88cfa3e0a07946f88b1f24c2c00965c2,884,7,gallery
78eb183c730e4587905a924843d5146c,1288,51,gallery
caad03e1339d49429cdd4d7c9342535c,1288,12,gallery
a641589f4b8a44f4a2c1b3b3b3afb34b,27,47,gallery
2e3ada55e88b4a16858c58d2f274875e,27,42,gallery
d73d15255d164b569e22d0f3e769a995,1533,89,gallery
dc79a91c8e234d62b44ffefca966ee74,1533,90,gallery
8c4b9843929b454ea717482a0adea062,1366,90,gallery
90181710939b463596f7034f9fa3a034,1366,89,gallery
fe12eda01fca4a04be07f65f4078697b,1426,79,gallery
17154984a5c24a23a0f570a8a452624c,1426,50,gallery
f6666524dcde44929f01d9417f779df1,1085,27,gallery
206c71ba91754f1494095ab616a09318,1085,15,gallery
36e1fae3d59845639dcc2d2df571cf11,240,95,gallery
13e2e24ba8fc4f088c5aea5c0eb3d018,240,69,gallery
5c87cf1cca2e407fb69cb4c050dcd752,947,30,gallery
21792191873a4cdf952c1f031d0bbb0e,947,80,gallery
f268d7f92c994c35be8c679937381c52,1216,77,gallery
a8d9928d9fe5404fab9a8314ed350897,1216,70,gallery
2a9e5c7f67fc4970b567ced36bb273c6,999,36,gallery
03bcc23d574740a4bfb82bd449e28b88,999,82,gallery
58df9dd188274d52909b77d0a4e4e680,871,7,gallery
e549f51dd47d4449bd956b9dd6efb970,871,92,gallery
3140d080c36c44ac89cc5e49ba8d3391,1202,17,gallery
91fd481a8258460eb5ca3b1eb2b9c9ca,1202,77,gallery
022e29642cbf4494bf5ae5bef74ffbdf,360,87,gallery
686f0c80dcc248b0adfb495c5265e593,360,63,gallery
c63887065631424c83a41c704b1f2037,128,70,gallery
ddc45b93627142a68d287e207d0c4954,128,68,gallery
5954de06881e41b796796f766cd6ca57,596,92,gallery
1c4fec4204ec47348962550b4cc8f536,596,89,gallery
eb9c46f869394f8e9401b34ce960454d,298,51,gallery
782e20f6805d4e66a3ce4662e0221ee7,298,12,gallery
60a0de1ee6d54401bc60cba4147cf897,356,90,gallery
6362a50d1987496ab65626c6b14e8ca9,356,89,gallery
d768344de1d64c518056c67075e0615a,907,31,gallery
fd0c19f812bb405aa07e4e0e1edb6d1b,907,21,gallery
08af06ca4d244c2b8692ee1d60edbf46,843,24,gallery
d0923547679649c1ba495a3bd2507697,843,12,gallery
b33deaf47bd14f87b117d9b46ce80dac,898,25,gallery
536ffdd4f462434281f747b5cb724a02,898,12,gallery
a20f32e07a5d49dcba63a5b1da821a78,1409,33,gallery
a2dca75f78c94ca7bb021d41fa4a82f4,1409,39,gallery
3c4226f364c445a68bf89a08b13e01cf,547,35,gallery
d139292a5af74f9db76c6ce0f0c58361,547,51,gallery
bde4256b5a86460ab21a63ff67d7f908,567,33,gallery
6d63690a8bb344e89392ec1b1930906f,567,6,gallery
e21281547fea45478d7f7d17421e34e0,497,37,gallery
684c3bdf95924e07b39843716582c033,497,83,gallery
264075b241584561a65546872056c6ee,763,28,gallery
496d8bd8415d43c3a217b265706e8329,763,61,gallery
ae323732a2ec457d82c66a2be0fd04f4,1281,89,gallery
27ff72dc1b4746bfad6c719da1b9716a,1281,90,gallery
c894938557ce45cc9dc51258f7eef9c6,1172,69,gallery
1d19006a9ad743898e64b954d45b03e4,1172,95,gallery
fb36c070d9544be084b5ad04a5c90df8,554,12,gallery
a63ba6e4732e45dd9158ee2d902ff4e7,554,94,gallery
0ac6ed881ff7408ea27f789032273c16,101,82,gallery
96728251d8cc47c58327a04d44a272f0,101,85,gallery
b4fdd08103ce4a4194130a5d39a23e17,761,43,gallery
5521cfda8bba4b15946327e09e389309,761,89,gallery
d21059171d744954ba908ab10e029c29,711,37,gallery
eb3a635baf764411a9f67809a3986160,711,36,gallery
8f531ff8c8ea4805a085b21bca63d41f,452,89,gallery
d84cf539447e4dff9bfd773936e46d82,452,90,gallery
9c8e0e94ed594808823c26728af1cd53,367,6,gallery
d95acc89d9dc42baa81dfe7da7668597,367,33,gallery
847af1261147464c84d83bf939e51428,445,51,gallery
f671f7f649c04b7986e5a876c6581564,445,12,gallery
24ab438a002044ceaf3ab0cfafb811e9,330,73,gallery
7a413b96c3f8422599285726559802f8,330,48,gallery
